pattern	regular_expr	case_sensitive	affect_ab_name	affect_mo_name	zh	da	nl	fr	de	el	it	ja	pl	pt	ru	es	sv	tr	uk
language name English	FALSE	FALSE	FALSE	FALSE	Chinese	Danish	Dutch	French	German	Greek	Italian	Japanese	Polish	Portuguese	Russian	Spanish	Swedish	Turkish	Ukrainian
language name	FALSE	FALSE	FALSE	FALSE	汉语	Dansk	Nederlands	Français	Deutsch	Ελληνικά	Italiano	日本語	Polski	Português	Русский	Español	Svenska	Türkçe	Українська
Coagulase-negative Staphylococcus	TRUE	TRUE	FALSE	TRUE	凝固酶阴性葡萄球菌	Koagulase-negative stafylokokker	Coagulase-negatieve Staphylococcus	Staphylococcus à coagulase négative	Koagulase-negative Staphylococcus	Σταφυλόκοκκος με αρνητική πηκτικότητα	Staphylococcus negativo coagulasi	コアグラーゼ陰性ブドウ球菌	Staphylococcus koagulazoujemny	Staphylococcus coagulase negativo	Коагулазоотрицательный стафилококк	Staphylococcus coagulasa negativo	Koagulasnegativa stafylokocker	Koagülaz-negatif Stafilokok	Коагулазонегативний стафілокок
Coagulase-positive Staphylococcus	TRUE	TRUE	FALSE	TRUE	凝固酶阳性葡萄球菌	Koagulase-positive stafylokokker	Coagulase-positieve Staphylococcus	Staphylococcus à coagulase positif	Koagulase-positive Staphylococcus	Σταφυλόκοκκος θετικός στην πήξη	Staphylococcus positivo coagulasi	コアグラーゼ陽性ブドウ球菌	Staphylococcus koagulazo-dodatni	Staphylococcus coagulase positivo	Коагулазоположительный стафилококк	Staphylococcus coagulasa positivo	Koagulaspositiva stafylokocker	Koagülaz-pozitif Stafilokok	Коагулазопозитивний стафілокок
Beta-haemolytic Streptococcus	TRUE	TRUE	FALSE	TRUE	β-溶血性链球菌	Beta-haemolytiske streptokokker	Beta-hemolytische Streptococcus	Streptococcus Bêta-hémolytique	Beta-hämolytischer Streptococcus	Β-αιμολυτικός στρεπτόκοκκος	Streptococcus Beta-emolitico	ベータ溶血性レンサ球菌	Streptococcus beta-hemolityczny	Streptococcus Beta-hemolítico	Бета-гемолитический стрептококк	Streptococcus Beta-hemolítico	Beta-hemolytiska streptokocker	Beta-hemolitik Streptokok	Бета-гемолітичний стрептокок
unknown Gram-negatives	TRUE	TRUE	FALSE	TRUE	不明革兰氏阴性菌	ukendte Gram-negative	onbekende Gram-negatieven	Gram négatifs inconnus	unbekannte Gramnegativen	άγνωστοι αρνητικοί κατά Gram	Gram negativi sconosciuti	不明なグラム陰性菌	Nieznane bakterie Gram-ujemne	Gram negativos desconhecidos	неизвестные грамотрицательные	Gram negativos desconocidos	okända gramnegativa bakterier	bilinmeyen Gram-negatifler	невідомі грамнегативні
unknown Gram-positives	TRUE	TRUE	FALSE	TRUE	不明革兰氏阳性菌	ukendte Gram-positive	onbekende Gram-positieven	Gram positifs inconnus	unbekannte Grampositiven	άγνωστοι θετικοί κατά Gram	Gram positivi sconosciuti	未知のグラム陽性菌	Nieznane bakterie Gram-dodatnie	Gram positivos desconhecidos	неизвестные грамположительные	Gram positivos desconocidos	okända Gram-positiva	bilinmeyen Gram-pozitifler	невідомі грампозитивні
unknown fungus	TRUE	TRUE	FALSE	TRUE	未知真菌	ukendt svamp	onbekende schimmel	champignon inconnu	unbekannter Pilze	άγνωστος μύκητας	fungo sconosciuto	未知真菌	Nieznany grzyb	fungo desconhecido	неизвестный грибок	hongo desconocido	Okänd svamp	bilinmeyen mantar	невідомий гриб
unknown yeast	TRUE	TRUE	FALSE	TRUE	未知酵母菌	ukendt gær	onbekende gist	levure inconnue	unbekannte Hefe	άγνωστος ζυμομύκητας	lievito sconosciuto	未知酵母	Nieznany drożdżak	levedura desconhecida	неизвестные дрожжи	levadura desconocida	Okänd jäst	bilinmeyen maya	невідомі дріжджі
unknown name	TRUE	TRUE	FALSE	TRUE	不明名称	ukendt navn	onbekende naam	nom inconnu	unbekannte Name	άγνωστο όνομα	nome sconosciuto	名称未知	nieznana nazwa	nome desconhecido	неизвестное название	nombre desconocido	okänt namn	bilinmeyen isim	невідома назва
unknown kingdom	TRUE	TRUE	FALSE	TRUE	未知王国	ukendt kongerige	onbekend koninkrijk	règme inconnu	unbekanntes Reich	άγνωστο βασίλειο	regno sconosciuto	未知の王国	nieznane królestwo	reino desconhecido	неизвестное царство	reino desconocido	okänt rike	bilinmeyen krallık	невідоме царство
unknown phylum	TRUE	TRUE	FALSE	TRUE	未知门	ukendt stamme	onbekend fylum	embranchement inconnu	unbekannter Stamm	άγνωστο φύλο	phylum sconosciuto	未知の門	nieznany azyl	filo desconhecido	неизвестный филум	filo desconocido	okänt fylum	bilinmeyen filum	невідомий відділ
unknown class	TRUE	TRUE	FALSE	TRUE	未知类	ukendt klasse	onbekende klasse	classe inconnue	unbekannte Klasse	άγνωστη τάξη	classe sconosciuta	未知のクラス	Nieznana klasa	classe desconhecida	неизвестный класс	clase desconocida	okänd klass	bilinmeyen sınıf	невідомий клас
unknown order	TRUE	TRUE	FALSE	TRUE	未知目	ukendt orden	onbekende orde	ordre inconnu	unbekannte Ordnung	άγνωστη τάξη	ordine sconosciuto	未知の目	nieznany rząd	ordem desconhecido	неизвестный порядок	orden desconocido	okänd ordning	bilinmeyen sipariş	невідомий порядок
unknown family	TRUE	TRUE	FALSE	TRUE	未知科	ukendt familie	onbekende familie	famille inconnue	unbekannte Familie	άγνωστη οικογένεια	famiglia sconosciuta	未知ファミリー	nieznana rodzina	família desconhecida	неизвестное семейство	familia desconocida	okänd familj	bilinmeyen aile	невідома родина
unknown genus	TRUE	TRUE	FALSE	TRUE	未知属	ukendt slægt	onbekend geslacht	genre inconnu	unbekannte Gattung	άγνωστο γένος	genere sconosciuto	未知属	nieznany rodzaj	gênero desconhecido	неизвестный род	género desconocido	okänt släkte	bilinmeyen cins	невідомий рід
unknown species	TRUE	TRUE	FALSE	TRUE	未知种	ukendt art	onbekende soort	espèce inconnue	unbekannte Art	άγνωστο είδος	specie sconosciute	未知種	nieznany gatunek	espécies desconhecida	неизвестный вид	especie desconocida	okänd art	bilinmeyen türler	невідомий вид
unknown subspecies	TRUE	TRUE	FALSE	TRUE	未知亚种	ukendt underart	onbekende ondersoort	sous-espèce inconnue	unbekannte Unterart	άγνωστο υποείδος	sottospecie sconosciute	亜種不明	nieznany podgatunek	subespécies desconhecida	неизвестный подвид	subespecie desconocida	okänd underart	bilinmeyen alt türler	невідомий підвид
unknown rank	TRUE	TRUE	FALSE	TRUE	未知等级	ukendt rang	onbekende rang	rang inconnu	unbekannter Rang	άγνωστη τάξη	grado sconosciuto	未知ランク	nieznany stopień	classificação desconhecido	неизвестный ранг	rango desconocido	okänd rang	bilinmeyen rütbe	невідомий ранг
unknown	FALSE	TRUE	FALSE	FALSE	未知	ukendt	onbekend	inconnu	unbekannt	άγνωστο	sconosciuto	未知	nieznany	desconhecido	неизвестно	desconocido	okänd	bilinmiyor	невідомий
 group 	TRUE	TRUE	FALSE	TRUE	 组 	 gruppe 	 groep 	 groupe 	 Gruppe 	 ομάδα 	 gruppo 	 グループ	 grupa 	 grupo 	 группа 	 grupo 	 grupp 	 Grup 	 група
 Group 	TRUE	TRUE	FALSE	TRUE	 组 	 Gruppe 	 groep 	 groupe 	 Gruppe 	 Ομάδα 	 Gruppo 	 グループ	 Grupa 	 Grupo 	 Группа 	 Grupo 	 Grupp 	 Grup 	 Група
CoNS	FALSE	TRUE	FALSE	TRUE		KNS	CNS		KNS	CoNS		グラム陰性	CoNS		КОС	SCN	KNS	KNS	КНС
CoPS	FALSE	TRUE	FALSE	TRUE		KPS	CPS		KPS	CoPS		グラム陽性	CoPS		КПС	SCP	KPS	KPS	КПС
Gram-negative	TRUE	TRUE	FALSE	FALSE	革兰氏阴性	Gram-negativ	Gram-negatief	Gram négatif	Gramnegativ	Αρνητικό κατά Gram	Gram negativo	^細菌$	Gram-ujemne	Gram negativo	Грамотрицательные	Gram negativo	Gram-negativ	Gram-negatif	Грамнегативні
Gram-positive	TRUE	TRUE	FALSE	FALSE	革兰氏阳性	Gram-positiv	Gram-positief	Gram positif	Grampositiv	Θετικό κατά Gram	Gram positivo	^真菌$	Gram-dodatnie	Gram positivo	Грамположительные	Gram positivo	Gram-positiv	Gram-pozitif	Грампозитивні
^Bacteria$	TRUE	TRUE	FALSE	FALSE	细菌	Bakterier	Bacteriën	Bactéries	Bakterien	Βακτήρια	Batteri	酵母	Bakterie	Bactérias	Бактерии	Bacterias	Bakterier	Bakteri	Бактерії
^Fungi$	TRUE	TRUE	FALSE	FALSE	真菌	Støbeforme	Schimmels	Champignons	Pilze	Μύκητες	Funghi	原生動物	Grzyby	Fungos	Грибы	Hongos	Svampar	Mantarlar	Гриби
^Yeasts$	TRUE	TRUE	FALSE	FALSE	酵母菌	Gær	Gisten	Levures	Hefen	Ζυμομύκητες	Lieviti	バイオグループ	Drożdże	Leveduras	Животные	Levaduras	Jästdjur	Mayalar	Дріжджі
^Protozoa$	TRUE	TRUE	FALSE	FALSE	^原生动物$	Protozoer	Protozoën	Protozoaires	Protozoen	Πρωτόζωα	Protozoi	生物型	Protozoa	Protozoários	Протозоа	Protozoarios	Protozoer	Protozoa	Найпростіші
biogroup	TRUE	TRUE	FALSE	FALSE	生物群	biogruppe	biogroep	biogroupe	Biogruppe	βιοομάδα	biogruppo	植物型	biogrupa	biogrupo	биогруппа	biogrupo	biogrupp	biyogrup	біогрупа
biotype	TRUE	TRUE	FALSE	FALSE	生物型	biotype			Biotyp	βιότυπος	biotipo	([([ ]*?))) グループ	biotyp	biótipo	биотип	biotipo	biotyp	biyotip	біотип
vegetative	TRUE	TRUE	FALSE	FALSE	无性系	vegetativ	vegetatief	végétatif	vegetativ	βλαστικός	vegetativo	([[ ]*?)グループ	wegetatywna	vegetativo	вегетативный	vegetativo	vegetativ	vejetatif	вегетативний
([([ ]*?)group	TRUE	TRUE	FALSE	FALSE	([([]*?)组	\\1gruppe	\\1groep	\\1groupe	\\1Gruppe	([([ ]*?)ομάδα	\\1gruppo		([([ ]*?)grupa	\\1grupo	\\1группа	\\1grupo	\\1grupp	([([ ]*?)grup	\\1група
([([ ]*?)Group	TRUE	TRUE	FALSE	FALSE	([([]*?)组	\\1Gruppe	\\1Groep	\\1Groupe	\\1Gruppe	([([ ]*;)ομάδα	\\1Gruppo	ない	([([ ]*?)Grupa	\\1Grupo	\\1Группа	\\1Grupo	\\1Grupp	([([ ]*?)Grup	\\1Група
no .*growth	FALSE	FALSE	FALSE	FALSE	无.*生长	ingen .*vækst	geen .*groei	pas .*croissance	keine(|n|m|r|s)|nicht .*wachstum	όχι .*αύξηση	sem .*crescimento	中間体	brak .*wzrostu	sem .*crescimento	отсутствие.*роста	no .*crecimientonon	ingen .*tillväxt	büyüme yok	відсутність .*росту
no|not	FALSE	FALSE	FALSE	FALSE	不|不	nej|ikke	geen|niet	non	keine?	no|not	sem	感受性の高い、被ばく量の増加	nie|nie	sem	нет?	no|sin	nej|inte	hayır|değil|hayir|degil	ні
Intermediate	TRUE	FALSE	FALSE	FALSE	中级	Mellemliggende	Intermediair		Mittlere	Ενδιάμεση		影響を受けやすい。	Pośrednia			Intermedio	Mellanliggande	Orta seviye	Знижена чутливість
Susceptible, incr. exp.	FALSE	TRUE	FALSE	FALSE	易感，暴露增加	Modtagelig, øget eksp.	Gevoelig bij verh. blootstelling		Empfindlich, erh Belastung	Ευάλωτος, αυξημένη έκθεση		影響を受けやすい	Podatne, zwiększone narażenie			Susceptible, mayor exposición	Mottaglig, inkr. exponering	Duyarlı, enk. maruziyet	Чутливий до підвищеної експозиції
susceptible, incr. exp.	FALSE	TRUE	FALSE	FALSE	易感，接触增加	modtagelig, øget eksp.	gevoelig bij verh. blootstelling		empfindlich, erh Belastung	Ευαίσθητος, αυξημένη έκθεση		曝露量増加	podatny, zwiększone narażenie			susceptible, mayor exposición	mottaglig, inkr. exponering	duyarlı, enk. maruziyet	чутливий до підвищеної експозиції
Susceptible	TRUE	FALSE	FALSE	FALSE	易受影响	Modtagelig	Gevoelig		Empfindlich	Ευαίσθητο		耐性	Podatny			Susceptible	Mottaglig	Duyarlı	Чутливий
Incr. exposure	TRUE	FALSE	FALSE	FALSE	暴露增加	Øget eksponering	'Incr. exposure'		Empfindlich, erh Belastung	Αυξημένη έκθεση		抗生物質	Większe narażenie			Mayor exposición	Inkr. exponering	Enk. maruziyet	Підвищена експозиція
Resistant	TRUE	FALSE	FALSE	FALSE	耐药性	Resistent	Resistent		Resistent	Ανθεκτικός		抗生物質	Odporny			Resistente	Resistent	Dayanıklı	Стійкий
antibiotic	TRUE	TRUE	FALSE	FALSE	抗生素	antibiotikum	antibioticum	antibiotique	Antibiotikum	αντιβιοτικό	antibiotico	薬剤	antybiotyk	antibiótico	антибиотик	antibiótico	antibiotika	Antibiyotik	антибіотик
Antibiotic	TRUE	TRUE	FALSE	FALSE	抗生素	Antibiotikum	Antibioticum	Antibiotique	Antibiotikum	Αντιβιοτικό	Antibiotico	薬剤	Antybiotyk	Antibiótico	Антибиотик	Antibiótico	Antibiotika	Antibiyotik	Антибіотик
Drug	TRUE	TRUE	FALSE	FALSE	药物	Lægemiddel	Middel	Médicament	Medikament	Φάρμακο	Droga	頻度	Lek	Droga	Лекарство	Fármaco	Läkemedel	İlaç	Лікарський засіб
drug	TRUE	TRUE	FALSE	FALSE	药物	lægemiddel	middel	médicament	Medikament	φάρμακο	droga	最小発育阻止濃度(mg / L)	lek	droga	лекарство	fármaco	läkemedel	İlaç	лікарський засіб
Frequency	FALSE	TRUE	FALSE	FALSE	使用频率	Frekvens	Aantal	Fréquence	Zahl	Συχνότητα	Frequenza	ディスク拡散径(mm)	Częstotliwość	Frequência	Частота	Frecuencia	Frekvens	Frekans	Частота
Minimum Inhibitory Concentration (mg/L)	FALSE	FALSE	FALSE	FALSE	最小抑菌浓度(mg/L)	Mindste hæmmende koncentration (mg/L)	Minimale inhiberende concentratie (mg/L)	Concentration minimale inhibitrice (mg/L)	Minimale Hemm-Konzentration (mg/L)	Ελάχιστη ανασταλτική συγκέντρωση (mg/L)	Concentrazione minima inibitoria (mg/L)	抗菌性解釈	Minimalne stężenie hamujące (mg/L)	Concentração Inibitória Mínima (mg/L)	Минимальная ингибирующая концентрация (мг/л)	Concentración mínima inhibitoria (mg/L)	Minsta hämmande koncentration (mg/L)	Minimum İnhibitör Konsantrasyon (mg/L)	Мінімальна інгібуюча концентрація (мг/мл)
Disk diffusion diameter (mm)	FALSE	FALSE	FALSE	FALSE	磁盘扩散直径(mm)	Diskdiffusionsdiameter (mm)	Diameter diskzone (mm)	Diamètre de diffusion en disque (mm)	Durchmesser der Scheibenzone (mm)	Διάμετρος διάχυσης δίσκου (mm)	Diametro di diffusione del disco (mm)	割合	Średnica dyfuzji dysku (mm)	Diâmetro de difusão do disco (mm)	Диаметр диффузии диска (мм)	Diámetro de difusión en disco (mm)	Diskdiffusionsdiameter (mm)	Disk difüzyon çapı (mm)	Зона затримки росту (мм)
Antimicrobial Interpretation	FALSE	FALSE	FALSE	FALSE	抗菌性解释	Antimikrobiel fortolkning	Antimicrobiële interpretatie	Interprétation antimicrobienne	Antimikrobielle Auswertung	Αντιμικροβιακή ερμηνεία	Interpretazione antimicrobica	4-アミノサリチル酸	Interpretacja antybakteryjna	Interpretação Antimicrobiana	Антимикробная интерпретация	Interpretación antimicrobiana	Antimikrobiell tolkning	Antimikrobiyal Yorumlama	Фенотипи чутливості
Percentage	FALSE	FALSE	FALSE	FALSE	百分比	Procentdel	Percentage	Pourcentage	Prozentsatz	Ποσοστό	Percentuale	アデホビル・ジピボキシル	Procent	Percentagem	Процент	Porcentaje	Procentuell andel	Yüzde	Відсоток
Syndromic Group	FALSE	FALSE	FALSE	FALSE	合并症候群	Syndromisk gruppe	Syndroomgroep	Groupe syndromique	Syndromische Gruppe	Συνδρομική ομάδα	Gruppo sindromico	シンドロミックグループ	Grupa syndromiczna	Grupo sindrómico	Синдромная группа	Grupo sindrómico	Syndromisk grupp	Sendromik Grup	Синдромна група
Pathogen	FALSE	FALSE	FALSE	FALSE	病原体	Patogen	Pathogeen	Agent pathogène	Erreger	Παθογόνο	Agente patogeno	病原体	Patogen	Pathogen	Возбудитель	Patógeno	Patogen	Patojen	Збудник
4-aminosalicylic acid	FALSE	TRUE	TRUE	FALSE	4-氨基水杨酸	4-aminosalicylsyre	4-aminosalicylzuur	Acide 4-aminosalicylique	4-Aminosalicylsäure	4-αμινοσαλικυλικό οξύ	Acido 4-aminosalicilico	アルデスルホンナトリウム	Kwas 4-aminosalicylowy	Ácido 4-aminosalicílico	4-аминосалициловая кислота	Ácido 4-aminosalicílico	4-aminosalicylsyra	4-aminosalisilik asit	4-Аміносаліцилова кислота
Adefovir dipivoxil	FALSE	TRUE	TRUE	FALSE	阿德福韦酯	Adefovir dipivoxil	Adefovir	Adéfovir dipivoxil	Adefovir Dipivoxil	Adefovir dipivoxil	Adefovir dipivoxil	アミカシン	Adefovir dipivoxil	Adefovir dipivoxil	Адефовир дипивоксил	Adefovir dipivoxil	Adefovir dipivoxil	Adefovir dipivoksil	Адефовір діпівоксил
Aldesulfone sodium	FALSE	TRUE	TRUE	FALSE	醛缩酮钠	Aldesulfon-natrium	Aldesulfon	Aldésulfone sodique	Aldesulfon-Natrium	Αλδεσουλφονικό νάτριο	Aldesulfone sodio	アモキシシリン	Sól sodowa aldesulfonu	Aldesulfona de sódio	Альдесульфон натрия	Aldesulfona sódica	Aldesulfonnatrium	Aldesülfon sodyum	Альденсульфон натрію
Amikacin	FALSE	TRUE	TRUE	FALSE	阿米卡星	Amikacin	Amikacine	Amikacine	Amikacin	Αμικασίνη	Amikacin	アモキシシリン／β-ラクタマーゼ阻害剤	Amikacyna	Amikacin	Амикацин	Amikacina	Amikacin	Amikasin	Амікацин
Amoxicillin	FALSE	TRUE	TRUE	FALSE	阿莫西林	Amoxicillin	Amoxicilline	Amoxicilline	Amoxicillin	Αμοξικιλλίνη	Amoxicillina	アムホテリシンB	Amoxicillin	Amoxicilina	Амоксициллин	Amoxicilina	Amoxicillin	Amoksisilin	Амоксицилін
Amoxicillin/beta-lactamase inhibitor	FALSE	TRUE	TRUE	FALSE	阿莫西林/β-内酰胺酶抑制剂	Amoxicillin/beta-lactamasehæmmer	Amoxicilline/enzymremmer	Amoxicilline/inhib. de bêta-lactamase	Amoxicillin/Beta-Lactamase-Hemmer	Αμοξικιλλίνη/αναστολέας της β-λακταμάσης	Amoxicillina/inib. d. beta-lattamasi	アンピシリン	Amoksycylina/inhibitor beta-laktamazy	Amoxicilina/inibid. da beta-lactamase	Амоксициллин/ингибитор бета-лактамаз	Amoxicilina/inhib. de la beta-lactamasa	Amoxicillin/betalaktamashämmare	Amoksisilin/beta-laktamaz inhibitörü	Амоксицилін/інгібітор бета-лактамаз
Amphotericin B	FALSE	TRUE	TRUE	FALSE	两性霉素B	Amfotericin B	Amfotericine B	Amphotéricine B	Amphotericin B	Αμφοτερικίνη Β	Amfotericina B	アンピシリン／β-ラクタマーゼ阻害剤	Amfoterycyna B	Anfotericina B	Амфотерицин В	Anfotericina B	Amfotericin B	Amfoterisin B	Амфотерицин В
Ampicillin	FALSE	TRUE	TRUE	FALSE	氨苄西林	Ampicillin	Ampicilline	Ampicilline	Ampicillin	Αµπικιλλίνη	Ampicillina	アニデュラファンギン	Ampicylina	Ampicilina	Ампициллин	Ampicilina	Ampicillin	Ampisilin	Ампіцилін
Ampicillin/beta-lactamase inhibitor	FALSE	TRUE	TRUE	FALSE	氨苄西林/β-内酰胺酶抑制剂	Ampicillin/beta-lactamasehæmmer	Ampicilline/enzymremmer	Ampicilline/inhib. de bêta-lactamase	Ampicillin/Beta-Laktamase-Hemmer	Αμπικιλλίνη/αναστολέας β-λακταμάσης	Ampicillina/inib. d. beta-lattamasi	アジドシリン	Ampicylina/inhibitor beta-laktamazy	Ampicilina/inibid. da beta-lactamase	Ампициллин/ингибитор бета-лактамазы	Ampicilina/inhib. de la beta-lactamasa	Ampicillin/beta-laktamashämmare	Ampisilin/beta-laktamaz inhibitörü	Ампіцилін/інгібітор бета-лактамаз
Anidulafungin	FALSE	TRUE	TRUE	FALSE	阿尼芬净	Anidulafungin	Anidulafungine	Anidulafungine	Anidulafungin	Ανιδουλαφουνγκίνη	Anidulafungin	アジスロマイシン	Anidulafungina	Anidulafungin	Анидулафунгин	Anidulafungina	Anidulafungin	Anidulafungin	Анідулафунгін
Azidocillin	FALSE	TRUE	TRUE	FALSE	阿奇霉素	Azidocillin	Azidocilline	Azidocilline	Azidocillin	Αζιδοκιλλίνη	Azidocillina	アズロシリン	Azidocillin	Azidocillin	Азидоциллин	Azidocilina	Azidocillin	Azidosilin	Азидоцилін
Azithromycin	FALSE	TRUE	TRUE	FALSE	阿奇霉素	Azithromycin	Azitromycine	Azithromycine	Azithromycin	Αζιθρομυκίνη	Azitromicina	バカンピシリン	Azithromycin	Azitromicina	Азитромицин	Azitromicina	Azitromycin	Azitromisin	Азитроміцин
Azlocillin	FALSE	TRUE	TRUE	FALSE	阿洛西林	Azlocillin	Azlocilline	Azlocilline	Azlocillin	Αζλοκιλλίνη	Azlocillina	バシトラシン	Azlocillin	Azlocillin	Азлоциллин	Azlocilina	Azlocillin	Azlocillin	Азлоцилін
Bacampicillin	FALSE	TRUE	TRUE	FALSE	巴卡比林	Bacampicillin	Bacampicilline	Bacampicilline	Bacampicillin	Μπακαμπικιλλίνη	Bacampicillina	ベンズシン・ベンジルペニシリン	Bakampicylina	Bacampicilina	Бакампициллин	Bacampicilina	Bacampicillin	Bacampicillin	Бакампіцилін
Bacitracin	FALSE	TRUE	TRUE	FALSE	阿奇霉素	Bacitracin	Bacitracine	Bacitracine	Bacitracin	Βακιτρακίνη	Bacitracina	ベンザチンフェノキシメチルペニシリン	Bacytracyna	Bacitracin	Бацитрацин	Bacitracina	Bacitracin	Basitrasin	Бацитрацин
Benzathine benzylpenicillin	FALSE	TRUE	TRUE	FALSE	苄丝肼青霉素	Benzathinbenzylpenicillin	Benzylpenicillinebenzathine	Benzathine benzylpénicilline	Benzathin-Benzylpenicillin	Βενζαθίνη βενζυλπενικιλλίνη	Benzatina benzilpenicillina	ベンジルペニシリン	Benzylpenicylina benzylowa	Benzatina benzatina benzilpenicilina	Бензатин бензилпенициллин	Bencilpenicilina benzatínica	Benzathinbenzylpenicillin	Benzatin benzilpenisilin	Бензатину бензилпеніцилін
Benzathine phenoxymethylpenicillin	FALSE	TRUE	TRUE	FALSE	苄星苯氧甲基青霉素	Benzathinfenoxymethylpenicillin	Fenoxymethylpenicillinebenzathine	Phénoxyméthylpénicilline benzathine	Benzathin-Phenoxymethylpenicillin	Βενζαθίνη φαινοξυμεθυλοπενικιλλίνη	Benzatina fenossimetilpenicillina	アミノサリチル酸カルシウム	Fenoksymetylopenicylina benzylowa	Benzatina fenoximetilpenicilina	Бензатин феноксиметилпенициллин	Fenoximetilpenicilina benzatínica	Bensathinfenoximetylpenicillin	Benzatin fenoksimetilpenisilin	Бензатину феноксиметилпеніцилін
Benzylpenicillin	FALSE	TRUE	TRUE	FALSE	苄基青霉素	Benzylpenicillin	Benzylpenicilline	Benzylpénicilline	Benzylpenicillin	Βενζυλοπενικιλλίνη	Benzilpenicillina	カプレオマイシン	Benzylpenicylina	Benzilpenicilina	Бензилпенициллин	Bencilpenicilina	Bensylpenicillin	Benzilpenisilin	Бензилпеніцилін
Calcium aminosalicylate	FALSE	TRUE	TRUE	FALSE	氨基水杨酸钙	Calciumaminosalicylat	Aminosalicylzuur	Aminosalicylate de calcium	Kalzium-Aminosalicylat	Αμινοσαλικυλικό ασβέστιο	Calcio aminosalicilato	カルベニシリン	Aminosalicylan wapnia	Aminosalicilato de cálcio	Аминосалицилат кальция	Aminosalicilato de calcio	Kalciumaminosalicylat	Kalsiyum aminosalisilat	Кальцію аміносаліцилат
Capreomycin	FALSE	TRUE	TRUE	FALSE	氨水杨酸钙	Capreomycin	Capreomycine	Capréomycine	Capreomycin	Καπρεομυκίνη	Capreomicina	カリンダシリン	Kapreomycyna	Capreomicina	Капреомицин	Capreomicina	Kapreomycin	Kapreomisin	Капреоміцин
Carbenicillin	FALSE	TRUE	TRUE	FALSE	羧基青霉素	Carbenicillin	Carbenicilline	Carbénicilline	Carbenicillin	Καρβενικιλλίνη	Carbenicillina	カスポファンギン	Karbenicylina	Carbenicilina	Карбенициллин	Carbenicilina	Karbenicillin	Karbenisilin	Карбеніцилін
Carindacillin	FALSE	TRUE	TRUE	FALSE	卡林达西林	Carindacillin	Carindacilline	Carindacilline	Carindacillin	Καρινδακιλλίνη	Carindacillina	セファセトリル	Karindacillin	Carindacillin	Кариндациллин	Carindacilina	Carindacillin	Karindasilin	Кариндацилін
Caspofungin	FALSE	TRUE	TRUE	FALSE	氨苄青霉素	Caspofungin	Caspofungine	Caspofungine	Caspofungin	Κασποφουνγκίνη	Caspofungin	セファロチン	Kaspofungina	Caspofungin	Каспофунгин	Caspofungina	Caspofungin	Caspofungin	Каспофунгін
Ce(f|ph)acetrile	TRUE	TRUE	TRUE	FALSE	头孢乙腈	Cephacetril	Cefacetril	Céphacétrile	Cefacetril	Κεφακετρίλη	Cefacetrile	セファマンドール	Cefacetrile	Cephacetrile	Цефацетрил	Cefacetrilo	Cephacetril	Sefasetril	Цефацетрил
Ce(f|ph)alotin	TRUE	TRUE	TRUE	FALSE	头孢罗丁	Cephalotin	Cefalotine	Céphalotine	Cefalotin	Κεφαλοτίνη	Cefalotina	セファピリン	Cefalotyna	Cefalotina	Цефалотин	Cefalotina	Cefalotin	Sefalotin	Цефалотин
Ce(f|ph)amandole	TRUE	TRUE	TRUE	FALSE	头孢曼多	Cephamandol	Cefamandol	Céphamandole	Cefamandol	Κεφαμανδόλη	Cephamandole	セファゼドン	Cefamandol	Cephamandole	Цефамандол	Cefamandole	Cephamandol	Cefamandole	Цефамандол
Ce(f|ph)apirin	TRUE	TRUE	TRUE	FALSE	头孢匹林	Cephapirin	Cefapirine	Céphapirine	Cefapirin	Κεφαπιρίνη	Cefapirina	セファゾリン	Cefapiryna	Cephapirin	Цефапирин	Cefapirina	Cephapirin	Sefapirin	Цефапірин
Ce(f|ph)azedone	TRUE	TRUE	TRUE	FALSE	头孢唑酮	Cephazedon	Cefazedon	Céphazédone	Cefazedon	Κεφαζεδόνη	Cefazedone	セファロチン	Cefazedon	Cephazedone	Цефазедон	Cefazedona	Cephazedon	Sefazedon	Цефазедон
Ce(f|ph)azolin	TRUE	TRUE	TRUE	FALSE	头孢唑啉	Cephazolin	Cefazoline	Céphazoline	Cefazolin	Κεφαζολίνη	Cephazolin	セファレキシン	Cefazolin	Cephazolin	Цефазолин	Cefazolina	Cephazolin	Sefazolin	Цефазолін
Ce(f|ph)alothin	TRUE	TRUE	TRUE	FALSE	头孢罗丁	Cephalothin	Cefalotine	Céphalothine	Cefalothin	Κεφαλοθίνη	Cefalotina	セフェパイム	Cefalotyna	Cephalothin	Цефалотин	Cefalotina	Kefalotin	Cefalothin	Цефалотин
Ce(f|ph)alexin	TRUE	TRUE	TRUE	FALSE	头孢莱辛	Cephalexin	Cefalexine	Céphalexine	Cefalexin	Κεφαλεξίνη	Cephalexin	セフィキシム	Cefaleksyna	Cephalexin	Цефалексин	Cefalexina	Cephalexin	Cefalexin	Цефалексин
Ce(f|ph)epime	TRUE	TRUE	TRUE	FALSE	头孢吡肟	Cephepime	Cefepim	Céphépime	Cefepim	Κεφεπίμη	Cephepime	セフメノキシム	Cefepime	Cephepime	Цефепим	Cefepime	Cephepim	Sefepim	Цефепім
Ce(f|ph)ixime	TRUE	TRUE	TRUE	FALSE	头孢克肟	Cephixim	Cefixim	Céphixime	Cefixim	Cefixime	Cephixime	セフメタゾール	Cefixime	Cephixime	Цефиксим	Cefixima	Cephixim	Cefixime	Цефіксим
Ce(f|ph)menoxime	TRUE	TRUE	TRUE	FALSE	头孢米诺肟	Cephmenoxim	Cefmenoxim	Céphénoxime	Cefmenoxim	Κεφμενοξίμη	Cephmenoxime	セフォジジム	Cefmenoksym	Cephmenoxime	Цефменоксим	Cefmenoxima	Cephmenoxim	Sefmenoksim	Цефменоксим
Ce(f|ph)metazole	TRUE	TRUE	TRUE	FALSE	头孢美唑	Cephmetazol	Cefmetazol	Céphmétazole	Cefmetazol	Κεφμεταζόλη	Cephmetazole	セフォニキッド	Cefmetazol	Cefmetazole	Цефметазол	Cefmetazol	Cephmetazol	Sefmetazol	Цефметазол
Ce(f|ph)odizime	TRUE	TRUE	TRUE	FALSE	头孢地嗪	Cephodizim	Cefodizim	Céphodizime	Cefodizim	Κεφοδιζίμη	Cephodizime	セフォペラゾン	Cefodizime	Cephodizime	Цефодизим	Cefodixima	Cephodizim	Sefodizim	Цефодізим
Ce(f|ph)onicid	TRUE	TRUE	TRUE	FALSE	头孢尼西	Cephonicid	Cefonicide	Céphonicide	Cefonicid	Κεφονικίδη	Cephonicid		Cefonicid	Cefonicid	Цефонизид	Cefonicida	Cephonicid	Cefonicid	Цефоніцид
Ce(f|ph)operazone	TRUE	TRUE	TRUE	FALSE	头孢哌酮	Cephoperazon	Cefoperazon	Céphopérazone	Cefoperazon	Κεφοπεραζόνη	Cephoperazone	セフォタキシム	Cefoperazon	Cephoperazone	Цефоперазон	Cefoperazona	Cephoperazon	Sefoperazon	Цефоперазон
Ce(f|ph)operazone/beta-lactamase inhibitor	TRUE	TRUE	TRUE	FALSE	头孢哌酮/β-内酰胺酶抑制剂	Cephoperazon/beta-lactamasehæmmer	Cefoperazon/enzymremmer	Céphopérazone/inhib. de bêta-lactamase	Cefoperazon/Beta-Lactamase-Hemmer	Κεφοπεραζόνη/αναστολέας της β-λακταμάσης	Cephoperazone/inib. d. beta-lattamasi		Cefoperazon/inhibitor beta-laktamazy	Cephoperazona/inibid. da beta-lactamase	Цефоперазон/ингибитор бета-лактамаз	Cefoperazona/inhib. de betalactamasas	Cefoperazon/beta-laktamashämmare	Sefoperazon/beta-laktamaz inhibitörü	Цефоперазон/інгібітор бета-лактамаз
Ce(f|ph)otaxime	TRUE	TRUE	TRUE	FALSE	头孢噻肟	Cephotaxim	Cefotaxim	Céphotaxime	Cefotaxim	Κεφοταξίμη	Cephotaxime	セフピロム	Cefotaksym	Cephotaxime	Цефотаксим	Cefotaxima	Cephotaxim	Sefotaksim	Цефотаксим
Ce(f|ph)oxitin	TRUE	TRUE	TRUE	FALSE	头孢西丁	Cephoxitin	Cefoxitine	Céphoxitine	Cefoxitin	Κεφοξιτίνη	Cefossitina	セフポドキシム	Cefoksytyna	Cephoxitin	Цефокситин	Cefoxitina	Cephoxitin	Cefoxitin	Цефокситин
Ce(f|ph)pirome	TRUE	TRUE	TRUE	FALSE	头孢匹罗	Cephpirom	Cefpirom	Céphpirome	Cefpirom	Κεφπιρόμη	Cephpirome	セフラジン	Cefpirom	Cefpirome	Цефпиром	Cephpirome	Cephpirom	Sefpirom	Цефпіром
Ce(f|ph)podoxime	TRUE	TRUE	TRUE	FALSE	头孢泊肟	Cephpodoxim	Cefpodoxim	Céphpodoxime	Cefpodoxim	Κεφποδοξίμη	Cephpodoxime	セフスロジン	Cefpodoxime	Cephpodoxime	Цефподоксим	Cefpodoxima	Cephpodoxim	Sefpodoksim	Цефподоксим
Ce(f|ph)radine	TRUE	TRUE	TRUE	FALSE	头孢拉定	Cephradin	Cefradine	Céphradine	Cefradin	Κεφραντίνη	Cefradina	セフタジジム	Cefradyna	Cephradine	Цефрадин	Cefradina	Cephradin	Sefradin	Цефрадін
Ce(f|ph)sulodin	TRUE	TRUE	TRUE	FALSE	头孢苏洛丁	Cephsulodin	Cefsulodine	Céphsulodine	Cefsulodin	Κεφσουλοδίνη	Cephsulodin	セフテゾール	Cefsulodin	Cephsulodin	Цефсулодин	Cefsulodina	Cephsulodin	Cefsulodin	Цефсулодин
Ce(f|ph)tazidime	TRUE	TRUE	TRUE	FALSE	头孢噻肟	Cephtazidim	Ceftazidim	Céphtazidime	Ceftazidim	Κεφταζιδίμη	Ceftazidima	セフティゾキシム	Ceftazidime	Ceftazidima	Цефтазидим	Ceftazidima	Cephtazidim	Seftazidim	Цефтазидим
Ce(f|ph)tezole	TRUE	TRUE	TRUE	FALSE	头孢特唑	Cephtezol	Ceftezol	Céphtézole	Ceftezol	Τζεφεζόλη	Cephtezole	セフトリアキソン	Ceftezol	Ceftezole	Цефтезол	Ceftezol	Cephtezole	Seftezol	Цефтезол
Ce(f|ph)tizoxime	TRUE	TRUE	TRUE	FALSE	头孢唑肟	Cephtizoxim	Ceftizoxim	Céphtizoxime	Ceftizoxim	Κεφτιζοξίμη	Cephtizoxime	セフロキシム	Ceftizoxime	Cephtizoxime	Цефтизоксим	Ceftizoxima	Cephtizoxim	Seftizoksim	Цефтизоксим
Ce(f|ph)triaxone	TRUE	TRUE	TRUE	FALSE	头孢曲松	Cephtriaxon	Ceftriaxon	Céphtriaxone	Ceftriaxon	Κεφτριαξόνη	Ceftriaxone		Ceftriakson	Cefhtriaxone	Цефтриаксон	Ceftriaxona	Ceftriaxon	Ceftriaxone	Цефтриаксон
Ce(f|ph)uroxime	TRUE	TRUE	TRUE	FALSE	头孢呋辛	Cephuroxim	Cefuroxim	Céphuroxime	Cefuroxim	Κεφουροξίμη	Cefuroxima	クロラムフェニコール	Cefuroksym	Cephuroxime	Цефуроксим	Cefuroxima	Cefuroxim	Sefuroksim	Цефуроксим
Ce(f|ph)uroxime/metronidazole	TRUE	TRUE	TRUE	FALSE	头孢呋辛/甲硝唑	Cefuroxim/metronidazol	Cefuroxim/andere antibacteriele middelen	Céphuroxime/métronidazole	Cefuroxim/Metronidazol	Κεφουροξίμη/μετρονιδαζόλη	Cefuroxima/metronidazolo	クロルテトラサイクリン	Cefuroksym/metronidazol	Cephuroxime/metronidazol	Цефуроксим/метронидазол	Cefuroxima/metronidazol	Cefuroxim/metronidazol	Sefuroksim/metronidazol	Цефуроксим/метронідазол
Chloramphenicol	FALSE	TRUE	TRUE	FALSE	氯霉素	Kloramfenicol	Chlooramfenicol	Chloramphénicol	Chloramphenicol	Χλωραμφενικόλη	Cloramfenicolo	シノキサシン	Chloramfenikol	Cloranfenicol	Хлорамфеникол	Cloranfenicol	Kloramfenikol	Kloramfenikol	Хлорамфенікол
Chlortetracycline	FALSE	TRUE	TRUE	FALSE	金霉素	Chlortetracyclin	Chloortetracycline	Chlortétracycline	Chlortetracyclin	Χλωροτετρακυκλίνη	Clorotetraciclina	シプロフロキサシン	Chlortetracyklina	Chlortetracycline	Хлортетрациклин	Clortetraciclina	Klortetracyklin	Klortetrasiklin	Хлортетрациклін
Cinoxacin	FALSE	TRUE	TRUE	FALSE	西诺沙星	Cinoxacin	Cinoxacine	Cinoxacine	Cinoxacin	Τσινοξακίνη	Cinoxacina	クラリスロマイシン	Cinoxacin	Cinoxacin	Циноксацин	Cinoxacina	Cinoxacin	Cinoxacin	Циноксацин
Ciprofloxacin	FALSE	TRUE	TRUE	FALSE	环丙沙星	Ciprofloxacin	Ciprofloxacine	Ciprofloxacine	Ciprofloxacin	Σιπροφλοξασίνη	Ciprofloxacina	クラビュラン酸	Ciprofloksacyna	Ciprofloxacin	Ципрофлоксацин	Ciprofloxacina	Ciprofloxacin	Siprofloksasin	Ципрофлоксацин
Clarithromycin	FALSE	TRUE	TRUE	FALSE	克拉霉素	Clarithromycin	Claritromycine	Clarithromycine	Clarithromycin	Κλαριθρομυκίνη	Claritromicina	クラビュラン酸	Klarytromycyna	Claritromicina	Кларитромицин	Claritromicina	Claritromycin	Klaritromisin	Кларитроміцин
Clavulanic acid	FALSE	TRUE	TRUE	FALSE	克拉维酸	Clavulansyre	Clavulaanzuur	Acide clavulanique	Clavulansäure	Κλαβουλανικό οξύ	Acido clavulanico	クリンダマイシン	Kwas klawulanowy	Ácido clavulânico	Клавулановая кислота	Ácido clavulánico	Clavulansyra	Klavulanik asit	Клавуланова кислота
clavulanic acid	FALSE	TRUE	TRUE	FALSE	克拉维酸	clavulansyre	clavulaanzuur	acide clavulanique	Clavulansäure	Κλαβουλανικό οξύ	acido clavulanico	クロメトシリン	kwas klawulanowy	ácido clavulânico	клавулановая кислота	ácido clavulánico	clavulansyra	klavulanik asit	клавуланова кислота
Clindamycin	FALSE	TRUE	TRUE	FALSE	克林霉素	Clindamycin	Clindamycine	Clindamycine	Clindamycin	Κλινδαμυκίνη	Clindamicina	クロトリマゾール	Klindamycyna	Clindamicina	Клиндамицин	Clindamicina	Clindamycin	Klindamisin	Кліндаміцин
Clometocillin	FALSE	TRUE	TRUE	FALSE	克罗米修斯（	Clometocillin	Clometocilline	Clométocilline	Clometocillin	Κλομετοκιλλίνη	Clometocillina	クロキサシリン	Clometocillin	Clometocillin	Клометоциллин	Clometocilina	Klometocillin	Clometocillin	Клометоцилін
Clotrimazole	FALSE	TRUE	TRUE	FALSE	克霉唑	Clotrimazol	Clotrimazol	Clotrimazole	Clotrimazol	Κλοτριμαζόλη	Clotrimazolo	コリスチン	Klotrimazol	Clotrimazole	Клотримазол	Clotrimazol	Klotrimazol	Klotrimazol	Клотримазол
Cloxacillin	FALSE	TRUE	TRUE	FALSE	克罗西林	Cloxacillin	Cloxacilline	Cloxacilline	Cloxacillin	Κλοξακιλλίνη	Cloxacillina	ダプソン	Cloxacillin	Cloxacillin	Клоксациллин	Cloxacilina	Kloxacillin	Cloxacillin	Клоксацилін
Colistin	FALSE	TRUE	TRUE	FALSE	唑啉酮	Colistin	Colistine	Colistine	Colistin	Κολιστίνη	Colistina	ダプトマイシン	Kolistyna	Colistin	Колистин	Colistina	Kolistin	Kolistin	Колістин
Dapsone	FALSE	TRUE	TRUE	FALSE	多普生	Dapson	Dapson	Dapsone	Dapson	Δαψόνη	Dapsone	ジベカシン	Dapson	Dapsone	Дапсон	Dapsona	Dapson	Dapson	Дапсон
Daptomycin	FALSE	TRUE	TRUE	FALSE	达托霉素	Daptomycin	Daptomycine	Daptomycine	Daptomycin	Δαπτομυκίνη	Daptomicina	ジクロキサシリン	Daptomycyna	Daptomicina	Даптомицин	Daptomicina	Daptomycin	Daptomisin	Даптоміцин
Dibekacin	FALSE	TRUE	TRUE	FALSE	迪贝卡星	Dibekacin	Dibekacine	Dibekacine	Dibekacin	Διβεκακίνη	Dibekacin	ジリスロマイシン	Dibekacin	Dibekacin	Дибекацин	Dibekacina	Dibekacin	Dibekacin	Дібекацин
Dicloxacillin	FALSE	TRUE	TRUE	FALSE	迪卡西林	Dicloxacillin	Dicloxacilline	Dicloxacilline	Dicloxacillin	Δικλοξακιλλίνη	Dicloxacillina	エコナゾール	Dikloxacillin	Dicloxacilina	Диклоксациллин	Dicloxacilina	Dikloxacillin	Dikloksasilin	Диклоксацилін
Dirithromycin	FALSE	TRUE	TRUE	FALSE	迪里红霉素	Dirithromycin	Diritromycine	Dirithromycine	Dirithromycin	Διριθρομυκίνη	Diritromicina	エノキサシン	Dirytromycyna	Diritromicina	Диритромицин	Diritromicina	Diritromycin	Diritromisin	Диритроміцин
Econazole	FALSE	TRUE	TRUE	FALSE	胺鲜胺	Econazol	Econazol	Econazole	Econazol	Εκοναζόλη	Econazolo	エピシリン	Ekonazol	Econazole	Эконазол	Econazol	Ekonazol	Ekonazol	Еконазол
Enoxacin	FALSE	TRUE	TRUE	FALSE	伊诺沙星	Enoxacin	Enoxacine	Enoxacine	Enoxacin	Ενοξακίνη	Enoxacina	エリスロマイシン	Enoxacin	Enoxacin	Эноксацин	Enoxacina	Enoxacin	Enoksasin	Еноксацин
Epicillin	FALSE	TRUE	TRUE	FALSE	伊比西林	Epicillin	Epicilline	Epicilline	Epicillin	Επικιλλίνη	Epicillina	エタンブトール／イソニアジド	Epicillin	Epicilina	Эпициллин	Epicilina	Epicillin	Episilin	Епіцилін
Erythromycin	FALSE	TRUE	TRUE	FALSE	红霉素	Erythromycin	Erytromycine	Erythromycine	Erythromycin	Ερυθρομυκίνη	Eritromicina	フレロキサシン	Erytromycyna	Eritromicina	Эритромицин	Eritromicina	Erytromycin	Eritromisin	Еритроміцин
Ethambutol/isoniazid	FALSE	TRUE	TRUE	FALSE	乙胺丁醇/异烟肼	Ethambutol/isoniazid	Ethambutol/isoniazide	Ethambutol/isoniazide	Ethambutol/Isoniazid	Αιθαμβουτόλη/ισονιαζίδη	Etambutolo/isoniazide	フルクロキサシリン	Etambutol/izoniazyd	Ethambutol/isoniazid	Этамбутол/изониазид	Etambutol/isoniazida	Etambutol/isoniazid	Etambutol/izoniazid	Етамбутол/ізоніазид
Fleroxacin	FALSE	TRUE	TRUE	FALSE	氨甲喋呤	Fleroxacin	Fleroxacine	Fléroxacine	Fleroxacin	Φλεροξακίνη	Fleroxacina	フルコナゾール	Fleroksacyna	Fleroxacina	Флероксацин	Fleroxacina	Fleroxacin	Fleroxacin	Флероксацин
Flucloxacillin	FALSE	TRUE	TRUE	FALSE	氟氯西林	Flucloxacillin	Flucloxacilline	Flucloxacilline	Flucloxacillin	Φλουκλοξακιλλίνη	Flucloxacillina	フルシトシン	Flucloxacillin	Flucloxacillin	Флуклоксациллин	Flucloxacilina	Flucloxacillin	Flukloksasilin	Флуклоксацилін
Fluconazole	FALSE	TRUE	TRUE	FALSE	氟康唑	Fluconazol	Fluconazol	Fluconazole	Fluconazol	Φλουκοναζόλη	Fluconazolo	フルリスロマイシン	Flukonazol	Fluconazole	Флуконазол	Fluconazol	Flukonazol	Flukonazol	Флуконазол
Flucytosine	FALSE	TRUE	TRUE	FALSE	氨甲喋呤	Flucytosin	Fluorocytosine	Flucytosine	Flucytosin	Φλουκυτοσίνη	Flucytosine	ホスホマイシン	Flucytozyna	Flucytosine	Флуцитозин	Flucitosina	Flucytosin	Flusitozin	Флуцитозин
Flurithromycin	FALSE	TRUE	TRUE	FALSE	氟利霉素	Flurithromycin	Fluritromycine	Flurithromycine	Flurithromycin	Φλουριθρομυκίνη	Fluritromicina	フシジン酸	Flurithromycin	Fluritromicina	Флуритромицин	Fluritromicina	Fluritromycin	Fluritromisin	Флуритроміцин
Fosfomycin	FALSE	TRUE	TRUE	FALSE	福斯霉素	Fosfomycin	Fosfomycine	Fosfomycine	Fosfomycin	Φοσφομυκίνη	Fosfomicina	ガチフロキサシン	Fosfomycyna	Fosfomycin	Фосфомицин	Fosfomicina	Fosfomycin	Fosfomisin	Фосфоміцин
Fusidic acid	FALSE	TRUE	TRUE	FALSE	夫西地酸	Fusidinsyre	Fusidinezuur	Acide fusidique	Fusidinsäure	Φουσιδικό οξύ	Acido fusidico	ゲミフロキサシン	Kwas fusydynowy	Ácido fusídico	Фузидовая кислота	Ácido fusídico	Fusidinsyra	Fusidik asit	Фузидова кислота
Gatifloxacin	FALSE	TRUE	TRUE	FALSE	加替沙星	Gatifloxacin	Gatifloxacine	Gatifloxacine	Gatifloxacin	Gatifloxacin	Gatifloxacina	ゲンタマイシン	Gatifloxacin	Gatifloxacin	Гатифлоксацин	Gatifloxacina	Gatifloxacin	Gatifloksasin	Гатифлоксацин
Gemifloxacin	FALSE	TRUE	TRUE	FALSE	吉非沙星	Gemifloxacin	Gemifloxacine	Gemifloxacine	Gemifloxacin	Γεμιφλοξασίνη	Gemifloxacina	グレパフロキサシン	Gemifloksacyna	Gemifloxacin	Гемифлоксацин	Gemifloxacina	Gemifloxacin	Gemifloksasin	Геміфлоксацин
Gentamicin	FALSE	TRUE	TRUE	FALSE	庆大霉素	Gentamicin	Gentamicine	Gentamicine	Gentamicin	Γενταμικίνη	Gentamicina	ハチマイシン	Gentamicin	Gentamicina	Гентамицин	Gentamicina	Gentamicin	Gentamisin	Гентаміцин
Grepafloxacin	FALSE	TRUE	TRUE	FALSE	格雷帕沙星	Grepafloxacin	Grepafloxacine	Grepafloxacine	Grepafloxacin	Γρεπαφλοξασίνη	Grepafloxacina	ヘタシリン	Grepafloksacyna	Grepafloxacin	Грепафлоксацин	Grepafloxacina	Grepafloxacin	Grepafloksasin	Грепафлоксацин
Hachimycin	FALSE	TRUE	TRUE	FALSE	哈奇霉素	Hachimycin	Hachimycine	Hachimycine	Hachimycin	Χαχιμυκίνη	Hachimycin	イミペネム／シラスタチン	Hachimycin	Hachimycin	Хатимицин	Hachimycin	Hachimycin	Hachimycin	Хачиміцин
Hetacillin	FALSE	TRUE	TRUE	FALSE	赫拉西林	Hetacillin	Hetacilline	Hétacilline	Hetacillin	Ετακιλλίνη	Hetacillin	イノシン・プラノベックス	Hetacylina	Hetacillin	Гетациллин	Hetacilina	Hetacillin	Hetasilin	Гетацилін
Imipenem	FALSE	TRUE	TRUE	FALSE	亚胺培南/西司他丁	Imipenem	Imipenem	Imipénème	Imipenem	Ιμιπενέμη	Imipenem	イセパマイシン	Imipenem	Imipenem	Имипенем	Imipenem	Imipenem	İmipenem	Іміпенем
Imipenem/cilastatin	FALSE	TRUE	TRUE	FALSE	亚胺培南/西司他丁	Imipenem/cilastatin	Imipenem/enzymremmer	Imipénème/cilastatine	Imipenem/Cilastatin	Ιμιπενέμη/σιλαστατίνη	Imipenem/cilastatina	イセパマイシン	Imipenem/cilastatyna	Imipenem/coteltelatina	Имипенем/циластатин	Imipenem/cilastatina	Imipenem/cilastatin	İmipenem/silastatin	Іміпенем/циластатин
Inosine pranobex	FALSE	TRUE	TRUE	FALSE	肌苷帕诺贝斯	Inosin pranobex	Inosiplex	Inosine pranobex	Inosin-Pranobex	Ινοσίνη pranobex	Inosina pranobex	イソコナゾール	Pranobeks inozyny	Pranobex inosine	Инозин пранобекс	Inosina pranobex	Inosin pranobex	İnosin pranobeks	Інозин пранобекс
Isepamicin	FALSE	TRUE	TRUE	FALSE	伊西帕米星	Isepamicin	Isepamicine	Isepamicine	Isepamicin	Ισεπαµικίνη	Isepamicina	イソニアジド	Isepamicin	Isepamicina	Исепамицин	Isepamicina	Isepamicin	İzepamisin	Ізепаміцин
Isoconazole	FALSE	TRUE	TRUE	FALSE	氨甲蝶呤	Isoconazol	Isoconazol	Isoconazole	Isoconazol	Ισοκοναζόλη	Isoconazolo	イトラコナゾール	Izokonazol	Isoconazole	Изоконазол	Isoconazol	Isokonazol	İzokonazol	Ізоконазол
Isoniazid	FALSE	TRUE	TRUE	FALSE	伊索尼克酸	Isoniazid	Isoniazide	Isoniazide	Isoniazid	Ιζονιαζίδη	Isoniazide	ホサマイシン	Izoniazyd	Isoniazid	Изониазид	Isoniazida	Isoniazid	İzoniazid	Ізоніазид
Itraconazole	FALSE	TRUE	TRUE	FALSE	伊曲康唑	Itraconazol	Itraconazol	Itraconazole	Itraconazol	Ιτρακοναζόλη	Itraconazolo	カナマイシン	Itrakonazol	Itraconazole	Итраконазол	Itraconazol	Itrakonazol	İtrakonazol	Ітраконазол
Josamycin	FALSE	TRUE	TRUE	FALSE	肌注	Josamycin	Josamycine	Josamycine	Josamycin	Ζοζαμυκίνη	Josamicina	ケトコナゾール	Josamycin	Josamycin	Джозамицин	Josamicina	Josamycin	Josamycin	Джозаміцин
Kanamycin	FALSE	TRUE	TRUE	FALSE	卡那霉素	Kanamycin	Kanamycine	Kanamycine	Kanamycin	Καναμυκίνη	Kanamicina	レボフロキサシン	Kanamycin	Kanamycin	Канамицин	Kanamicina	Kanamycin	Kanamisin	Канаміцин
Ketoconazole	FALSE	TRUE	TRUE	FALSE	酮康唑	Ketoconazol	Ketoconazol	Kétoconazole	Ketoconazol	Κετοκοναζόλη	Ketoconazolo	リンコマイシン	Ketokonazol	Ketoconazole	Кетоконазол	Ketoconazol	Ketokonazol	Ketokonazol	Кетоконазол
Levofloxacin	FALSE	TRUE	TRUE	FALSE	氧氟沙星	Levofloxacin	Levofloxacine	Lévofloxacine	Levofloxacin	Λεβοφλοξασίνη	Levofloxacina	ロメフロキサシン	Levofloxacin	Levofloxacin	Левофлоксацин	Levofloxacina	Levofloxacin	Levofloksasin	Левофлоксацин
Lincomycin	FALSE	TRUE	TRUE	FALSE	林可霉素	Lincomycin	Lincomycine	Lincomycine	Lincomycin	Λινκομυκίνη	Lincomicina	リゾチーム	Lincomycyna	Lincomycin	Линкомицин	Lincomicina	Lincomycin	Lincomycin	Лінкоміцин
Lomefloxacin	FALSE	TRUE	TRUE	FALSE	洛美沙星	Lomefloxacin	Lomefloxacine	Loméfloxacine	Lomefloxacin	Λομεφλοξασίνη	Lomefloxacina	マンデル酸	Lomefloxacin	Lomefloxacin	Ломефлоксацин	Lomefloxacina	Lomefloxacin	Lomefloksasin	Ломефлоксацин
Lysozyme	FALSE	TRUE	TRUE	FALSE	硫酸钠	Lysozym	Lysozym	Lysozyme	Lysozym	Λυσοζύμη	Lisozima	メタンピシリン	Lizozym	Lysozyme	Лизоцим	Lisozima	Lysozym	Lizozim	Лізоцим
Mandelic acid	FALSE	TRUE	TRUE	FALSE	扁桃酸	Mandelinsyre	Amandelzuur	Acide mandélique	Mandelsäure	Μανδελικό οξύ	Acido mandelico	メチシリン	Kwas migdałowy	Ácido mandélico	Мандаловая кислота	Ácido mandélico	Mandelsyra	Mandelik asit	Мигдалева кислота
Meropenem	FALSE	TRUE	TRUE	FALSE	美罗培南	Meropenem	Meropenem	Méropénème	Meropenem	Μεροπενέμη	Meropenem	メロペネム	Meropenem	Meropenem	Меропенем	Meropenem	Meropenem	Meropenem	Меропенем
Metampicillin	FALSE	TRUE	TRUE	FALSE	氨苄青霉素	Metampicillin	Metampicilline	Métampicilline	Metampicillin	Μεταμπικιλλίνη	Metampicillina	メチサゾン	Metampicylina	Metampicilina	Метампициллин	Metampicilina	Metampicillin	Metampisilin	Метампіцилін
Meticillin	FALSE	TRUE	TRUE	FALSE	美西林	Meticillin	Meticilline	Méticilline	Meticillin	Μετικιλλίνη	Meticillina	メトロニダゾール	Meticillin	Meticillin	Метициллин	Meticilina	Meticillin	Metisilin	Метицилін
Metisazone	FALSE	TRUE	TRUE	FALSE	氨甲喋呤	Metisazon	Metisazon	Métisazone	Metisazon	Μετισαζόνη	Metisazone	メスロシリン	Metisazon	Metisazone	Метисазон	Metisazona	Metisazon	Metisazon	Метисазон
Metronidazole	FALSE	TRUE	TRUE	FALSE	甲硝唑	Metronidazol	Metronidazol	Métronidazole	Metronidazol	Μετρονιδαζόλη	Metronidazolo	ミカファンギン	Metronidazol	Metronidazol	Метронидазол	Metronidazol	Metronidazol	Metronidazol	Метронідазол
Mezlocillin	FALSE	TRUE	TRUE	FALSE	氨甲蝶呤	Mezlocillin	Mezlocilline	Mezlocilline	Mezlocillin	Μεζλοκιλλίνη	Mezlocillina	ミコナゾール	Mezlocillin	Mezlocillin	Мезлоциллин	Mezlocilina	Mezlocillin	Mezlosilin	Мезлоцилін
Micafungin	FALSE	TRUE	TRUE	FALSE	咪蒙灵	Micafungin	Micafungine	Micafungine	Micafungin	Μικαφουνγκίνη	Micafungin	ミデカマイシン	Micafungin	Micafungin	Микафунгин	Micafungina	Micafungin	Mikafungin	Мікафунгін
Miconazole	FALSE	TRUE	TRUE	FALSE	米康唑	Miconazol	Miconazol	Miconazole	Miconazol	Μικροναζόλη	Miconazolo	ミオカマイシン	Mikonazol	Miconazole	Миконазол	Miconazol	Miconazol	Mikonazol	Міконазол
Midecamycin	FALSE	TRUE	TRUE	FALSE	咪康霉素	Midecamycin	Midecamycine	Midecamycine	Midecamycin	Μεδεκαμυκίνη	Midecamicina	モキシフロキサシン	Midecamycin	Midecamycin	Мидекамицин	Midecamicina	Midecamycin	Midecamycin	Мідекаміцин
Miocamycin	FALSE	TRUE	TRUE	FALSE	米卡霉素	Miocamycin	Miocamycine	Miocamycine	Miocamycin	Μειοκαμυκίνη	Miocamicina	ムピロシン	Miocamycin	Miocamicina	Миокамицин	Miocamycin	Miocamycin	Miocamycin	Міокаміцин
Moxifloxacin	FALSE	TRUE	TRUE	FALSE	莫西沙星	Moxifloxacin	Moxifloxacine	Moxifloxacine	Moxifloxacin	Μοξιφλοξασίνη	Moxifloxacin	ナリディキシック酸	Moxifloxacin	Moxifloxacina	Моксифлоксацин	Moxifloxacina	Moxifloxacin	Moksifloksasin	Моксифлоксацин
Mupirocin	FALSE	TRUE	TRUE	FALSE	莫匹罗星	Mupirocin	Mupirocine	Mupirocine	Mupirocin	Μουπιροκίνη	Mupirocina	ネオマイシン	Mupirocyna	Mupirocina	Мупироцин	Mupirocina	Mupirocin	Mupirosin	Мупіроцин
Nalidixic acid	FALSE	TRUE	TRUE	FALSE	萘啶酸	Nalidixinsyre	Nalidixinezuur	Acide nalidixique	Nalidixinsäure	Ναλιδιξικό οξύ	Acido nalidixico	ネチルミシン	Kwas nalidyksowy	Ácido nalidíxico	Налидиксовая кислота	Ácido nalidíxico	Nalidixinsyra	Nalidiksik asit	Налідиксова кислота
Neomycin	FALSE	TRUE	TRUE	FALSE	霉素	Neomycin	Neomycine	Néomycine	Neomycin	Νεομυκίνη	Neomicina	ニトロフラントイン	Neomycyna	Neomicina	Неомицин	Neomicina	Neomycin	Neomisin	Неоміцин
Netilmicin	FALSE	TRUE	TRUE	FALSE	硝苯地平	Netilmicin	Netilmicine	Netilmicine	Netilmicin	Νετιλµικίνη	Netilmicin	ノルフロキサシン	Netilmicin	Netilmicin	Нетилмицин	Netilmicina	Netilmicin	Netilmisin	Нетилміцин
Nitrofurantoin	FALSE	TRUE	TRUE	FALSE	硝呋太尔	Nitrofurantoin	Nitrofurantoine	Nitrofurantoïne	Nitrofurantoin	Νιτροφουραντοΐνη	Nitrofurantoina	ノボビオシン	Nitrofurantoina	Nitrofurantoína	Нитрофурантоин	Nitrofurantoína	Nitrofurantoin	Nitrofurantoin	Нітрофурантоїн
Norfloxacin	FALSE	TRUE	TRUE	FALSE	诺氟沙星	Norfloxacin	Norfloxacine	Norfloxacine	Norfloxacin	Νορφλοξασίνη	Norfloxacina	ナイスタチン	Norfloxacin	Norfloxacin	Норфлоксацин	Norfloxacina	Norfloxacin	Norfloksasin	Норфлоксацин
Novobiocin	FALSE	TRUE	TRUE	FALSE	诺氟沙星	Novobiocin	Novobiocine	Novobiocine	Novobiocin	Νοβοβιοκίνη	Novobiocin	オフロキサシン	Nowobiocyna	Novobiocin	Новобиоцин	Novobiocina	Novobiocin	Novobiocin	Новобіоцин
Nystatin	FALSE	TRUE	TRUE	FALSE	囊肿	Nystatin	Nystatine	Nystatine	Nystatin	Νυστατίνη	Nystatin	オレアンドマイシン	Nystatyna	Nystatin	Нистатин	Nistatina	Nystatin	Nistatin	Ністатин
Ofloxacin	FALSE	TRUE	TRUE	FALSE	氧氟沙星	Ofloxacin	Ofloxacine	Ofloxacine	Ofloxacin	Οφλοξασίνη	Ofloxacin	オルニダゾール	Ofloxacin	Ofloxacin	Офлоксацин	Ofloxacina	Ofloxacin	Ofloksasin	Офлоксацин
Oleandomycin	FALSE	TRUE	TRUE	FALSE	奥兰多霉素	Oleandomycin	Oleandomycine	Oleandomycine	Oleandomycin	Ολεαντομυκίνη	Oleandomicina	オキサシリン	Oleandomycin	Oleandomicina	Олеандомицин	Oleandomicina	Oleandomycin	Oleandomisin	Олеандоміцин
Ornidazole	FALSE	TRUE	TRUE	FALSE	奥硝唑	Ornidazol	Ornidazol	Ornidazole	Ornidazol	Ορνιδαζόλη	Ornidazolo	オキソリニック酸	Ornidazol	Ornidazole	Орнидазол	Ornidazol	Ornidazol	Ornidazol	Орнідазол
Oxacillin	FALSE	TRUE	TRUE	FALSE	奥沙西林	Oxacillin	Oxacilline	Oxacilline	Oxacillin	Οξακιλλίνη	Oxacillina	オキシテトラサイクリン	Oksacylina	Oxacillin	Оксациллин	Oxacilina	Oxacillin	Oksasilin	Оксацилін
Oxolinic acid	FALSE	TRUE	TRUE	FALSE	氧氟沙星	Oxolinsyre	Oxolinezuur	Acide oxolinique	Oxolinsäure	Οξολινικό οξύ	Acido ossolinico	パズフロキサシン	Kwas oksolinowy	Ácido oxolínico	Оксолиновая кислота	Ácido oxolínico	Oxolinsyra	Oksolinik asit	Оксолінова кислота
Oxytetracycline	FALSE	TRUE	TRUE	FALSE	土四环素	Oxytetracyclin	Oxytetracycline	Oxytétracycline	Oxytetracyclin	Οξυτετρακυκλίνη	Ossitetraciclina	ペフロキサシン	Oksytetracyklina	Oxitetraciclina	Окситетрациклин	Oxitetraciclina	Oxytetracyklin	Oksitetrasiklin	Окситетрациклін
Pazufloxacin	FALSE	TRUE	TRUE	FALSE	帕唑沙星	Pazufloxacin	Pazufloxacine	Pazufloxacine	Pazufloxacin	Παζουφλοξασίνη	Pazufloxacin	ペナメシリン	Pazufloxacin	Pazufloxacin	Пазуфлоксацин	Pazufloxacina	Pazufloxacin	Pazufloksasin	Пазуфлоксацин
Pefloxacin	FALSE	TRUE	TRUE	FALSE	培氟沙星	Pefloxacin	Pefloxacine	Péfloxacine	Pefloxacin	Πεφλοξασίνη	Pefloxacina	ペニシリン	Pefloksacyna	Pefloxacin	Пефлоксацин	Pefloxacina	Pefloxacin	Pefloksasin	Пефлоксацин
Penamecillin	FALSE	TRUE	TRUE	FALSE	青霉素	Penamecillin	Penamecilline	Pénamécilline	Penamecillin	Πεναμεσιλλίνη	Penamecillina	フェネチシリン	Penamecylina	Penamecilina	Пенамециллин	Penamecilina	Penamecillin	Penamecillin	Пенамецилін
Penicillin	FALSE	TRUE	TRUE	FALSE	青霉素	Penicillin	Penicilline	Pénicilline	Penicillin	Πενικιλλίνη	Penicillina	フェノキシメチルペニシリン	Penicylina	Penicilina	Пенициллин	Penicilina	Penicillin	Penisilin	Пеніцилін
Pheneticillin	FALSE	TRUE	TRUE	FALSE	菲尼克斯	Pheneticillin	Feneticilline	Phénéticilline	Pheneticillin	Φαινετικιλλίνη	Feneticillina	ピペミド酸	Fenicylina	Pheneticillin	Фенетициллин	Feneticilina	Feneticillin	Pheneticillin	Фенетіцилін
Phenoxymethylpenicillin	FALSE	TRUE	TRUE	FALSE	苯氧甲基青霉素	Phenoxymethylpenicillin	Fenoxymethylpenicilline	Phénoxyméthylpénicilline	Phenoxymethylpenicillin	Φαινοξυμεθυλοπενικιλλίνη	Fenossimetilpenicillina	ピペラシリン	Fenoksymetylopenicylina	Fenoximetilpenicilina	Феноксиметилпенициллин	Fenoximetilpenicilina	Fenoximetylpenicillin	Fenoksimetilpenisilin	Феноксиметилпеніцилін
Pipemidic acid	FALSE	TRUE	TRUE	FALSE	吡哌酸	Pipemidinsyre	Pipemidinezuur	Acide pipémidique	Pipemidinsäure	Πιπεμιδικό οξύ	Acido pipemidico	ピペラシリン／β-ラクタマーゼ阻害剤	Kwas pipemidowy	Ácido pipemídico	Пипемидовая кислота	Ácido pipemídico	Pipemidinsyra	Pipemidik asit	Піпемідова кислота
Piperacillin	FALSE	TRUE	TRUE	FALSE	哌拉西林	Piperacillin	Piperacilline	Pipéracilline	Piperacillin	Πιπερακιλλίνη	Piperacillina	ピロミジン酸	Piperacillin	Piperacilina	Пиперациллин	Piperacilina	Piperacillin	Piperasilin	Піперацилін
Piperacillin/beta-lactamase inhibitor	FALSE	TRUE	TRUE	FALSE	哌拉西林/β-内酰胺酶抑制剂	Piperacillin/beta-lactamasehæmmer	Piperacilline/enzymremmer	Pipéracilline/inhib. de bêta-lactamase	Piperacillin/Beta-Lactamase-Hemmer	Αναστολέας της πιπερακιλλίνης/β-λακταμάσης	Piperacillina/inib. d. beta-lattamasi	ピバンピシリン	Piperacylina/inhibitor beta-laktamazy	Piperacilina/inibid. da beta-lactamase	Пиперациллин/ингибитор бета-лактамазы	Piperacilina/inhib. de la beta-lactamasa	Piperacillin/betalaktamashämmare	Piperasilin/beta-laktamaz inhibitörü	Піперацилін/інгібітор бета-лактамаз
Piromidic acid	FALSE	TRUE	TRUE	FALSE	吡罗米酸	Piromidinsyre	Piromidinezuur	Acide piromidique	Piromidinsäure	Πηρομιδικό οξύ	Acido piromidico	ポリミキシンB	Kwas piromidowy	Ácido piromídico	Пиромидовая кислота	Ácido piromídico	Piromidinsyra	Piromidik asit	Піромідова кислота
Pivampicillin	FALSE	TRUE	TRUE	FALSE	哌拉西林	Pivampicillin	Pivampicilline	Pivampicilline	Pivampicillin	Πιβαµπικιλλίνη	Pivampicillina	ポサコナゾール	Pivampicillin	Pivampicilina	Пивампициллин	Pivampicilina	Pivampicillin	Pivampisilin	Півампіцилін
Polymyxin B	FALSE	TRUE	TRUE	FALSE	多粘菌素B	Polymyxin B	Polymyxine B	Polymyxine B	Polymyxin B	Πολυμυξίνη Β	Polimixina B	プリスチナマイシン	Polimyksyna B	Polimixina B	Полимиксин В	Polimixina B	Polymyxin B	Polimiksin B	Поліміксин B
Posaconazole	FALSE	TRUE	TRUE	FALSE	泊沙康唑	Posaconazol	Posaconazol	Posaconazole	Posaconazol	Ποσακοναζόλη	Posaconazolo	プロカインベンジルペニシリン	Posaconazol	Posaconazole	Посаконазол	Posaconazol	Posakonazol	Posakonazol	Позаконазол
Pristinamycin	FALSE	TRUE	TRUE	FALSE	普利司特霉素	Pristinamycin	Pristinamycine	Pristinamycine	Pristinamycin	Πριστιναμυκίνη	Pristinamicina	プロピシリン	Pristinamycin	Pristinamicina	Пристинамицин	Pristinamicina	Pristinamycin	Pristinamisin	Пристинаміцин
Procaine benzylpenicillin	FALSE	TRUE	TRUE	FALSE	普鲁卡因青霉素	Prokainbenzylpenicillin	Benzylpenicillineprocaine	Procaïne benzylpénicilline	Procain-Benzylpenicillin	Βενζυλοπενικιλλίνη προκαΐνης	Procaina benzilpenicillina	プルリフロキサシン	Benzylopenicylina prokainowa	Procaína benzilpenicilina	Прокаин бензилпенициллин	Bencilpenicilina procaína	Prokainbenzylpenicillin	Prokain benzilpenisilin	Прокаїну бензилпеніцилін
Propicillin	FALSE	TRUE	TRUE	FALSE	普利西林	Propicillin	Propicilline	Propicilline	Propicillin	Προπικιλλίνη	Propicillina	キヌプリスチン／ダルフォプリスチン	Propicylina	Propicilina	Пропициллин	Propicilina	Propicillin	Propisilin	Пропіцилін
Prulifloxacin	FALSE	TRUE	TRUE	FALSE	普利沙星	Prulifloxacin	Prulifloxacine	Prulifloxacine	Prulifloxacin	Προυλιφλοξασίνη	Prulifloxacina	リボスタマイシン	Prulifloksacyna	Prulifloxacina	Прулифлоксацин	Prulifloxacina	Prulifloxacin	Prulifloksasin	Пруліфлоксацин
Quinupristin/dalfopristin	FALSE	TRUE	TRUE	FALSE	奎宁斯丁/达夫普利斯丁	Quinupristin/dalfopristin	Quinupristine/dalfopristine	Quinupristine/dalfopristine	Quinupristin/Dalfopristin	Κινουπριστίνη/νταλφοπριστίνη	Quinupristina/dalfopristina	リファブチン	Quinupristin/dalfopristin	Quinupristin/dalfopristin	Квинупристин/дальфопристин	Quinupristina/dalfopristina	Quinupristin/dalfopristin	Quinupristin/dalfopristin	Хінупристин/дальфопристин
Ribostamycin	FALSE	TRUE	TRUE	FALSE	利波霉素	Ribostamycin	Ribostamycine	Ribostamycine	Ribostamycin	Ριμποσταμυκίνη	Ribostamicina	リファンピシン	Ribostamycyna	Ribostamicina	Рибостамицин	Ribostamicina	Ribostamycin	Ribostamisin	Рибостаміцин
Rifabutin	FALSE	TRUE	TRUE	FALSE	利福布汀	Rifabutin	Rifabutine	Rifabutine	Rifabutin	Ριφαμπουτίνη	Rifabutina	リファンピシン／ピラジナミド／エタンブトール／イソニアジド	Rifabutin	Rifabutin	Рифабутин	Rifabutina	Rifabutin	Rifabutin	Рифабутин
Rifampicin	FALSE	TRUE	TRUE	FALSE	利福平	Rifampicin	Rifampicine	Rifampicine	Rifampicin	Ριφαμπικίνη	Rifampicina	リファンピシン／ピラジナミド／イソニアジド	Rifampicyna	Rifampicina	Рифампицин	Rifampicina	Rifampicin	Rifampisin	Рифампіцин
Rifampicin/pyrazinamide/ethambutol/isoniazid	FALSE	TRUE	TRUE	FALSE	利福平/吡嗪酰胺/乙胺丁醇/异烟肼	Rifampicin/pyrazinamid/ethambutol/isoniazid	Rifampicine/pyrazinamide/ethambutol/isoniazide	Rifampicine/pyrazinamide/éthambutol/isoniazide	Rifampicin/Pyrazinamid/Ethambutol/Isoniazid	Ριφαμπικίνη/πυραζιναμίδη/εθαμβουτόλη/ισονιαζίδη	Rifampicina/pirazinamide/etambutolo/isoniazide	リファンピシン／イソニアジド	Rifampicyna/pirazinamid/etambutol/izoniazyd	Rifampicina/pirazinamida/etambutol/isoniazida	Рифампицин/пиразинамид/этамбутол/исониазид	Rifampicina/pirazinamida/etambutol/isoniazida	Rifampicin/pyrazinamid/ethambutol/isoniazid	Rifampisin/pirazinamid/etambutol/izoniazid	Рифампіцин/піразинамід/етамбутол/ізоніазид
Rifampicin/pyrazinamide/isoniazid	FALSE	TRUE	TRUE	FALSE	利福平/吡嗪酰胺/异烟肼	Rifampicin/pyrazinamid/isoniazid	Rifampicine/pyrazinamide/isoniazide	Rifampicine/pyrazinamide/isoniazide	Rifampicin/Pyrazinamid/Isoniazid	Ριφαμπικίνη/πυραζιναμίδη/ισονιαζίδη	Rifampicina/pirazinamide/isoniazide	リファマイシン	Rifampicyna/pirazynamid/izoniazyd	Rifampicina/pirazinamida/isoniazida	Рифампицин/пиразинамид/изониазид	Rifampicina/pirazinamida/isoniazida	Rifampicin/pyrazinamid/isoniazid	Rifampisin/pirazinamid/izoniazid	Рифампіцин/піразинамід/ізоніазид
Rifampicin/isoniazid	FALSE	TRUE	TRUE	FALSE	利福平/异烟肼	Rifampicin/isoniazid	Rifampicine/isoniazide	Rifampicine/isoniazide	Rifampicin/Isoniazid	Ριφαμπικίνη/ισονιαζίδη	Rifampicina/isoniazide	リファキシミン	Rifampicyna/izoniazyd	Rifampicina/isoniazida	Рифампицин/изониазид	Rifampicina/isoniazida	Rifampicin/isoniazid	Rifampisin/izoniazid	Рифампіцин/ізоніазид
Rifamycin	FALSE	TRUE	TRUE	FALSE	利福霉素	Rifamycin	Rifamycine	Rifamycine	Rifamycin	Ριφαμυκίνη	Rifamicina	ロキタマイシン	Rifamycyna	Rifamycin	Рифамицин	Rifamicina	Rifamycin	Rifamisin	Рифаміцин
Rifaximin	FALSE	TRUE	TRUE	FALSE	利福昔明	Rifaximin	Rifaximine	Rifaximine	Rifaximin	Ριφαξιμίνη	Rifaximina	ロソキサシン	Rifaximin	Rifaximin	Рифаксимин	Rifaximina	Rifaximin	Rifaximin	Рифаксимін
Rokitamycin	FALSE	TRUE	TRUE	FALSE	罗奇霉素	Rokitamycin	Rokitamycine	Rokitamycine	Rokitamycin	Ροκιταμυκίνη	Rokitamicina	ロキシスロマイシン	Rokitamycyna	Rokitamycin	Рокитамицин	Rokitamicina	Rokitamycin	Rokitamisin	Рокітаміцин
Rosoxacin	FALSE	TRUE	TRUE	FALSE	罗红霉素	Rosoxacin	Rosoxacine	Rosoxacine	Rosoxacin	Ροζοξακίνη	Rosoxacina	ルフロキサシン	Rosoxacin	Rosoxacina	Розоксацин	Rosoxacina	Rosoxacin	Rosoxacin	Розоксацин
Roxithromycin	FALSE	TRUE	TRUE	FALSE	罗红霉素	Roxithromycin	Roxitromycine	Roxithromycine	Roxithromycin	Ροξιθρομυκίνη	Roxitromicina	シソマイシン	Roksytromycyna	Roxitromicina	Рокситромицин	Roxitromicina	Roxitromycin	Roxithromycin	Рокситроміцин
Rufloxacin	FALSE	TRUE	TRUE	FALSE	罗氟沙星	Rufloxacin	Rufloxacine	Rufloxacine	Rufloxacin	Ρουφλοξασίνη	Rufloxacina	アミノサリチル酸ソーダ	Rufloxacin	Rufloxacin	Руфлоксацин	Rufloxacina	Rufloxacin	Rufloksasin	Руфлоксацин
Sisomicin	FALSE	TRUE	TRUE	FALSE	西索米星	Sisomicin	Sisomicine	Sisomicine	Sisomicin	Σισομικίνη	Sisomicina	スパルフロキサシン	Sisomicin	Sisomicina	Сизомицин	Sisomicina	Sisomicin	Sisomisin	Сизоміцин
Sodium aminosalicylate	FALSE	TRUE	TRUE	FALSE	氨基水杨酸钠	Natriumaminosalicylat	Aminosalicylzuur	Aminosalicylate de sodium	Natrium-Aminosalicylat	Αμινοσαλικυλικό νάτριο	Sodio aminosalicilato	スペクチノマイシン	Aminosalicylan sodu	Aminosalicilato de sódio	Аминосалицилат натрия	Aminosalicilato de sodio	Natriumaminosalicylat	Sodyum aminosalisilat	Натрію аміносаліцилат
Sparfloxacin	FALSE	TRUE	TRUE	FALSE	氨水杨酸钠	Sparfloxacin	Sparfloxacine	Sparfloxacine	Sparfloxacin	Σπαρφλοξασίνη	Sparfloxacina	スピラマイシン	Sparfloxacin	Sparfloxacin	Спарфлоксацин	Esparfloxacina	Sparfloxacin	Sparfloksasin	Спарфлоксацин
Spectinomycin	FALSE	TRUE	TRUE	FALSE	大观霉素	Spectinomycin	Spectinomycine	Spectinomycine	Spectinomycin	Σπεκτινομυκίνη	Spectinomycin	スピラマイシン／メトロニダゾール	Spektynomycyna	Spectinomycin	Спектиномицин	Espectinomicina	Spektinomycin	Spektinomisin	Спектиноміцин
Spiramycin	FALSE	TRUE	TRUE	FALSE	斯皮拉菌素	Spiramycin	Spiramycine	Spiramycine	Spiramycin	Σπιραμυκίνη	Spiramicina	ブドウ球菌免疫グロブリン	Spiramycyna	Spiramycin	Спирамицин	Espiramicina	Spiramycin	Spiramisin	Спіраміцин
Spiramycin/metronidazole	FALSE	TRUE	TRUE	FALSE	螺旋霉素/甲硝唑	Spiramycin/metronidazol	Spiramycine/metronidazol	Spiramycine/métronidazole	Spiramycin/Metronidazol	Σπιραμυκίνη/μετρονιδαζόλη	Spiramicina/metronidazolo	ストレプトデュオシン	Spiramycyna/metronidazol	Spiramycin/metronidazol	Спирамицин/метронидазол	Espiramicina/metronidazol	Spiramycin/metronidazol	Spiramisin/metronidazol	Спіраміцин/метронідазол
Staphylococcus immunoglobulin	FALSE	TRUE	TRUE	FALSE	葡萄球菌免疫球蛋白	Stafylokok-immunglobulin	Stafylokokkenimmunoglobuline	Immunoglobuline staphylococcique	Staphylococcus-Immunoglobulin	Σταφυλόκοκκος ανοσοσφαιρίνη	Immunoglobulina per stafilococco	ストレプトマイシン	Immunoglobulina gronkowcowa	Imunoglobulina de Staphylococcus	Стафилококковый иммуноглобулин	Inmunoglobulina estafilocócica	Immunoglobulin mot stafylokocker	Staphylococcus immünoglobulin	Стафілококовий імуноглобулін
Streptoduocin	FALSE	TRUE	TRUE	FALSE	链霉素	Streptoduocin	Streptoduocine	Streptoduocine	Streptoduocin	Στρεπτοδουοκίνη	Streptoduocin	ストレプトマイシン／イソニアジド	Streptoduocin	Estreptoduocina	Стрептодуоцин	Estreptoduocina	Streptoduocin	Streptoduosin	Стрептодуоцин
Streptomycin	FALSE	TRUE	TRUE	FALSE	霉素	Streptomycin	Streptomycine	Streptomycine	Streptomycin	Στρεπτομυκίνη	Streptomicina	スルベニシリン	Streptomycyna	Streptomycin	Стрептомицин	Estreptomicina	Streptomycin	Streptomisin	Стрептоміцин
Streptomycin/isoniazid	FALSE	TRUE	TRUE	FALSE	链霉素/异烟肼	Streptomycin/isoniazid	Streptomycine/isoniazide	Streptomycine/isoniazide	Streptomycin/Isoniazid	Στρεπτομυκίνη/ισονιαζίδη	Streptomicina/isoniazide	スルファダイアジン／テトロキソプリム	Streptomycyna/izoniazyd	Streptomicina/isoniazida	Стрептомицин/изониазид	Estreptomicina/isoniazida	Streptomycin/isoniazid	Streptomisin/izoniazid	Стрептоміцин/ізоніазид
Sulbenicillin	FALSE	TRUE	TRUE	FALSE	磺苄西林	Sulbenicillin	Sulbenicilline	Sulbenicilline	Sulbenicillin	Σουλμπενικιλλίνη	Sulbenicillina	スルファジアジン／トリメトプリム	Sulbenicylina	Sulbenicilina	Сульбенициллин	Sulbenicilina	Sulbenicillin	Sulbenisilin	Сульбеніцилін
Sulfadiazine/tetroxoprim	FALSE	TRUE	TRUE	FALSE	磺胺嘧啶/四氧嘧啶	Sulfadiazin/tetroxoprim	Sulfadiazine/tetroxoprim	Sulfadiazine/tetroxoprime	Sulfadiazin/Tetroxoprim	Σουλφαδιαζίνη/τετροξοπρίμη	Sulfadiazina/tetroxoprim	スルファジミジン／トリメトプリム	Sulfadiazyna/tetroksoprim	Sulfadiazina/tetroxoprim	Сульфадиазин/тетроксоприм	Sulfadiazina/tetroxoprim	Sulfadiazin/tetroxoprim	Sülfadiazin/tetroksoprim	Сульфадіазин/тетроксоприм
Sulfadiazine/trimethoprim	FALSE	TRUE	TRUE	FALSE	磺胺嘧啶/三甲氧苄啶	Sulfadiazin/trimethoprim	Sulfadiazine/trimethoprim	Sulfadiazine/triméthoprime	Sulfadiazin/Trimethoprim	Σουλφαδιαζίνη/τριμεθοπρίμη	Sulfadiazina/trimetoprim	スルファフラゾール	Sulfadiazyna/trimetoprim	Sulfadiazina/trimethoprim	Сульфадиазин/триметоприм	Sulfadiazina/trimetoprima	Sulfadiazin/trimetoprim	Sülfadiazin/trimetoprim	Сульфадіазин/триметоприм
Sulfadimidine/trimethoprim	FALSE	TRUE	TRUE	FALSE	磺胺嘧啶/三甲氧苄啶	Sulfadimidin/trimethoprim	Sulfadimidine/trimethoprim	Sulfadimidine/triméthoprime	Sulfadimidin/Trimethoprim	Σουλφαδιμιδίνη/τριμεθοπρίμη	Sulfadimidina/trimetoprim	スルファイソジミジン	Sulfadimidyna/trimetoprim	Sulfadimidina/trimethoprim	Сульфадимидин/триметоприм	Sulfadimidina/trimetoprima	Sulfadimidin/trimetoprim	Sülfadimidin/trimetoprim	Сульфадимідин/триметоприм
Sulfafurazole	FALSE	TRUE	TRUE	FALSE	磺胺呋喃唑	Sulfafurazol	Sulfafurazol	Sulfafurazole	Sulfafurazol	Σουλφαφουραζόλη	Sulfafurazolo	スルファレン	Sulfafurazol	Sulfafurazole	Сульфафуразол	Sulfafurazol	Sulfafurazol	Sülfafurazol	Сульфафуразол
Sulfaisodimidine	FALSE	TRUE	TRUE	FALSE	磺胺二甲嘧啶	Sulfaisodimidin	Sulfisomidine	Sulfaisodimidine	Sulfaisodimidin	Σουλφαϊζοδιμιδίνη	Sulfaisodimidina	スルファマゾン	Sulfaisodimidine	Sulfaisodimidina	Сульфаизодимидин	Sulfaisodimidina	Sulfaisodimidin	Sülfaizodimidin	Сульфаізодимідин
Sulfalene	FALSE	TRUE	TRUE	FALSE	磺胺类药物	Sulfalen	Sulfaleen	Sulfalène	Sulfalene	Σουλφαλένιο	Sulfalene	スルファメラジン／トリメトプリム	Sulfalen	Sulfaleno	Сульфален	Sulfaleno	Sulfen	Sülfalen	Сульфален
Sulfamazone	FALSE	TRUE	TRUE	FALSE	磺胺脒	Sulfamazon	Sulfamazon	Sulfamazone	Sulfamazon	Σουλφαμαζόνη	Sulfamazone	スルファメチゾール	Sulfamazon	Sulfamazona	Сульфамазон	Sulfamazona	Sulfamazon	Sülfamazon	Сульфамазон
Sulfamerazine/trimethoprim	FALSE	TRUE	TRUE	FALSE	磺胺脒/三甲氧苄氨嘧啶	Sulfamerazin/trimethoprim	Sulfamerazine/trimethoprim	Sulfamérazine/triméthoprime	Sulfamerazin/Trimethoprim	Σουλφαμεραζίνη/τριμεθοπρίμη	Sulfamerazina/trimetoprim	スルファメトキサゾール	Sulfamerazyna/trimetoprim	Sulfamerazina/trimethoprim	Сульфамеразин/триметоприм	Sulfamerazina/trimetoprima	Sulfamerazin/trimetoprim	Sülfamerazin/trimetoprim	Сульфамеразин/триметоприм
Sulfamethizole	FALSE	TRUE	TRUE	FALSE	磺胺甲基咪唑	Sulfamethizol	Sulfamethizol	Sulfaméthizole	Sulfamethizol	Sulfamethizole	Sulfamethizolo	スルファメトキサゾール／トリメトプリム	Sulfamethizole	Sulfametizole	Сульфаметизол	Sulfametozol	Sulfamethizol	Sülfametizol	Сульфаметізол
Sulfamethoxazole	FALSE	TRUE	TRUE	FALSE	磺胺甲噁唑	Sulfamethoxazol	Sulfamethoxazol	Sulfaméthoxazole	Sulfamethoxazol	Σουλφαμεθοξαζόλη	Sulfametossazolo	スルファメトキシジアジン	Sulfametoksazol	Sulfamethoxazole	Сульфаметоксазол	Sulfametoxazol	Sulfametoxazol	Sülfametoksazol	Сульфаметоксазол
Sulfamethoxazole/trimethoprim	FALSE	TRUE	TRUE	FALSE	磺胺甲噁唑/三甲氧苄啶	Sulfamethoxazol/trimethoprim	Sulfamethoxazol/trimethoprim	Sulfaméthoxazole/triméthoprime	Sulfamethoxazol/Trimethoprim	Σουλφαμεθοξαζόλη/τριμεθοπρίμη	Sulfametossazolo/trimetoprim	スルファメトロール／トリメトプリム	Sulfametoksazol/trimetoprim	Sulfametoxazol/trimethoprim	Сульфаметоксазол/триметоприм	Sulfametoxazol/trimetoprima	Sulfametoxazol/trimetoprim	Sülfametoksazol/trimetoprim	Сульфаметоксазол/триметоприм
Sulfametoxydiazine	FALSE	TRUE	TRUE	FALSE	磺胺甲噁唑	Sulfametoxydiazin	Sulfamethoxydiazine	Sulfamétoxydiazine	Sulfametoxydiazin	Σουλφαμετοξυδιαζίνη	Sulfametoxydiazine	スルファモキソール	Sulfametoksydiazyna	Sulfametoxidiazina	Сульфаметоксидиазин	Sulfametoxidiazina	Sulfametoxydiazin	Sulfametoksidiyazin	Сульфаметоксидіазин
Sulfametrole/trimethoprim	FALSE	TRUE	TRUE	FALSE	磺胺甲醚/三甲氧嘧啶	Sulfametrol/trimethoprim	Sulfametrol/trimethoprim	Sulfamétrole/triméthoprime	Sulfametrole/Trimethoprim	Σουλφαμετρόλη/τριμεθοπρίμη	Sulfametrole/trimetoprim	スルファモキソール／トリメトプリム	Sulfametrol/trimetoprim	Sulfametrole/trimethoprim	Сульфаметрол/триметоприм	Sulfametrol/trimetoprima	Sulfametrol/trimetoprim	Sülfametrol/trimetoprim	Сульфаметрол/триметоприм
Sulfamoxole	FALSE	TRUE	TRUE	FALSE	磺胺甲噁唑	Sulfamoxol	Sulfamoxol	Sulfamoxole	Sulfamoxol	Σουλφαμοξόλη	Sulfamoxolo	スルファペリン	Sulfamoksol	Sulfamoxole	Сульфамоксол	Sulfamoxole	Sulfamoxol	Sülfamoksol	Сульфамоксол
Sulfamoxole/trimethoprim	FALSE	TRUE	TRUE	FALSE	磺胺甲噁唑/三甲氧苄啶	Sulfamoxol/trimethoprim	Sulfamoxol/trimethoprim	Sulfamoxole/triméthoprime	Sulfamoxol/Trimethoprim	Σουλφαμοξόλη/τριμεθοπρίμη	Sulfamoxolo/trimetoprim	スルファフェナゾール	Sulfamoksol/trimetoprim	Sulfamoxole/trimethoprim	Сульфамоксол/триметоприм	Sulfamoxol/trimetoprima	Sulfamoxol/trimetoprim	Sülfamoksol/trimetoprim	Сульфамоксол/триметоприм
Sulfaperin	FALSE	TRUE	TRUE	FALSE	磺胺类药物	Sulfaperin	Sulfaperine	Sulfapérine	Sulfaperin	Σουλφαπερίνη	Sulfaperin	スルファチアゾール	Sulfaperin	Sulfaperin	Сульфаперин	Sulfametoxazol	Sulfaperin	Sülfaperin	Сульфаперин
Sulfaphenazole	FALSE	TRUE	TRUE	FALSE	磺胺苯吡唑	Sulfaphenazol	Sulfafenazol	Sulfaphénazole	Sulfaphenazol	Σουλφαφαιναζόλη	Sulfafenazolo	スルファチオ尿素	Sulfafenazol	Sulfafenazol	Сульфафеназол	Sulfafenazol	Sulfafenazol	Sülfafenazol	Сульфафеназол
Sulfathiazole	FALSE	TRUE	TRUE	FALSE	磺胺噻唑	Sulfathiazol	Sulfathiazol	Sulfathiazole	Sulfathiazol	Σουλφαθειαζόλη	Sulfathiazole	スルタミシリン	Sulfatiazol	Sulfatazol	Сульфатиазол	Sulfatiazol	Sulfathiazol	Sulfathiazole	Сульфатіазол
Sulfathiourea	FALSE	TRUE	TRUE	FALSE	磺胺硫脲	Sulfathiourea	Sulfathioureum	Sulfathiourée	Sulfathioharnstoff	Σουλφαθειουρία	Sulfathiourea	タランピシリン	Sulfathiourea	Sulfathiourea	Сульфатиомочевина	Sulfathiourea	Sulfatiourea	Sulfathiourea	Сульфатіосечовина
Sultamicillin	FALSE	TRUE	TRUE	FALSE	苏打米林	Sultamicillin	Sultamicilline	Sultamicilline	Sultamicillin	Σουλταμικιλλίνη	Sultamicillina	テイコプラニン	Sultamicillin	Sultamicillin	Сультамициллин	Sultamicilina	Sultamicillin	Sultamicillin	Сультаміцилін
Talampicillin	FALSE	TRUE	TRUE	FALSE	塔拉比西林	Talampicillin	Talampicilline	Talampicilline	Talampicillin	Ταλαμπικιλλίνη	Talampicillina	テリスロマイシン	Talampicylina	Talampicilina	Талампициллин	Talampicilina	Talampicillin	Talampisilin	Талампіцилін
Teicoplanin	FALSE	TRUE	TRUE	FALSE	泰科普兰素	Teicoplanin	Teicoplanine	Teicoplanine	Teicoplanin	Τεϊκοπλανίνη	Teicoplanina	テマフロキサシン	Teicoplanin	Teicoplanin	Тейкопланин	Teicoplanina	Teicoplanin	Teikoplanin	Тейкопланін
Telithromycin	FALSE	TRUE	TRUE	FALSE	泰利霉素	Telithromycin	Telitromycine	Télithromycine	Telithromycin	Τελιθρομυκίνη	Telitromicina	テモシリン	Telitromycyna	Telitromicina	Телитромицин	Telitromicina	Telitromycin	Telitromisin	Телітроміцин
Temafloxacin	FALSE	TRUE	TRUE	FALSE	氨甲环酸	Temafloxacin	Temafloxacine	Temafloxacine	Temafloxacin	Τεμαφλοξασίνη	Temafloxacina	テノホビルジソプロキシル	Temafloksacyna	Temafloxacin	Темафлоксацин	Temafloxacina	Temafloxacin	Temafloksasin	Темафлоксацин
Temocillin	FALSE	TRUE	TRUE	FALSE	氨甲蝶呤	Temocillin	Temocilline	Temocillin	Temocillin	Τεμοκιλλίνη	Temocillina	テリジドン	Temocillin	Temocillin	Темоциллин	Temocilina	Temocillin	Temocillin	Темоцилін
Tenofovir disoproxil	FALSE	TRUE	TRUE	FALSE	特诺福韦酯	Tenofovir disoproxil	Tenofovir	Tenofovir disoproxil	Tenofovir Disoproxil	Τενοφοβίρη δισοπροξίλη	Tenofovir disoproxil	チアンフェニコール	Tenofovir disoproxil	Tenofovir disoproxil	Тенофовир дизопроксил	Tenofovir disoproxil	Tenofovir disoproxil	Tenofovir disoproksil	Тенофовір дизопроксил
Terizidone	FALSE	TRUE	TRUE	FALSE	特立兹酮	Terizidon	Terizidon	Terizidone	Terizidon	Τεριζιδόνη	Terizidone	チオアセタゾン／イソニアジド	Terizidon	Terizidone	Теризидон	Terizidona	Terizidon	Terizidon	Теризидон
Thiamphenicol	FALSE	TRUE	TRUE	FALSE	硫苯尼考	Thiamphenicol	Thiamfenicol	Thiamphénicol	Thiamphenicol	Θειαμφενικόλη	Tiamfenicolo	チカルシリン	Tiamfenikol	Tiamfenicol	Тиамфеникол	Tiamfenicol	Tiamfenikol	Thiamphenicol	Тіамфенікол
Thioacetazone/isoniazid	FALSE	TRUE	TRUE	FALSE	硫乙酰唑酮/异烟肼	Thioacetazon/isoniazid	Thioacetazon/isoniazide	Thioacétazone/isoniazide	Thioacetazon/Isoniazid	Θειοακεταζόνη/ισονιαζίδη	Tioacetazone/isoniazide	チカルシリン／β-ラクタマーゼ阻害剤	Tioacetazon/izoniazyd	Thioacetazone/isoniazid	Тиоацетазон/изониазид	Tioacetazona/isoniazida	Thioacetazon/isoniazid	Tiyoasetazon/izoniazid	Тіоацетазон/ізоніазид
Ticarcillin	FALSE	TRUE	TRUE	FALSE	替卡西林	Ticarcillin	Ticarcilline	Ticarcilline	Ticarcillin	Τικαρκιλλίνη	Ticarcillina	チカルシリン／クラブラン酸	Ticarcillin	Ticarcilina	Тикарциллин	Ticarcilina	Ticarcillin	Ticarcillin	Тикарцилін
Ticarcillin/beta-lactamase inhibitor	FALSE	TRUE	TRUE	FALSE	替卡西林/β-内酰胺酶抑制剂	Ticarcillin/beta-lactamasehæmmer	Ticarcilline/enzymremmer	Ticarcilline/inhib. de bêta-lactamase	Ticarcillin/Beta-Lactamase-Hemmer	Αναστολέας της τικαρκιλλίνης/β-λακταμάσης	Ticarcillina/inib. d. beta-lattamasi	チニダゾール	Tikarcylina/inhibitor beta-laktamazy	Ticarcilina/inibid. da beta-lactamase	Тикарциллин/ингибитор бета-лактамазы	Ticarcilina/inhib. de la betalactamasa	Ticarcillin/beta-laktamashämmare	Tikarsilin/beta-laktamaz inhibitörü	Тикарцилін/інгібітор бета-лактамаз
Ticarcillin/clavulanic acid	FALSE	TRUE	TRUE	FALSE	替卡西林/克拉维酸	Ticarcillin/clavulansyre	Ticarcilline/clavulaanzuur	Ticarcilline/acide clavulanique	Ticarcillin/Clavulansäure	Τικαρκιλλίνη/κλαβουλανικό οξύ	Ticarcillina/acido clavulanico	トブラマイシン	Tikarcylina/kwas klawulanowy	Ticarcilina/ácido clavulanico	Тикарциллин/клавулановая кислота	Ticarcilina/ácido clavulánico	Ticarcillin/clavulansyra	Tikarsilin/klavulanik asit	Тикарцилін/клавуланова кислота
Tinidazole	FALSE	TRUE	TRUE	FALSE	替尼唑	Tinidazol	Tinidazol	Tinidazole	Tinidazol	Τινιδαζόλη	Tinidazolo	トリメトプリム／スルファメトキサゾール	Tinidazol	Tinidazole	Тинидазол	Tinidazol	Tinidazol	Tinidazol	Тинідазол
Tobramycin	FALSE	TRUE	TRUE	FALSE	妥布霉素	Tobramycin	Tobramycine	Tobramycine	Tobramycin	Τομπραμυκίνη	Tobramicina	トロレアンドマイシン	Tobramycyna	Tobramycin	Тобрамицин	Tobramicina	Tobramycin	Tobramisin	Тобраміцин
Trimethoprim/sulfamethoxazole	FALSE	TRUE	TRUE	FALSE	三甲氧嘧啶/磺胺甲恶唑	Trimethoprim/sulfamethoxazol	Cotrimoxazol	Triméthoprime/sulfaméthoxazole	Trimethoprim/Sulfamethoxazol	Τριµεθοπρίµη/σουλφαµεθοξαζόλη	Trimetoprim/sulfametossazolo	トロバフロキサシン	Trimetoprim/sulfametoksazol	Trimethoprim/sulfametoxazol	Триметоприм/сульфаметоксазол	Trimetoprima/sulfametoxazol	Trimetoprim/sulfametoxazol	Trimetoprim/sülfametoksazol	Триметоприм/сульфаметоксазол
Troleandomycin	FALSE	TRUE	TRUE	FALSE	托拉多霉素	Troleandomycin	Troleandomycine	Troleandomycine	Troleandomycin	Τρολεαντομυκίνη	Troleandomicina	バンコマイシン	Troleandomycyna	Troleandomicina	Тролеандомицин	Troleandomicina	Troleandomycin	Troleandomisin	Тролеандоміцин
Trovafloxacin	FALSE	TRUE	TRUE	FALSE	特戊沙星	Trovafloxacin	Trovafloxacine	Trovafloxacine	Trovafloxacin	Τροβαφλοξασίνη	Trovafloxacin	ボリコナゾール	Trovafloxacin	Trovafloxacin	Тровафлоксацин	Trovafloxacina	Trovafloxacin	Trovafloksasin	Тровафлоксацин
Vancomycin	FALSE	TRUE	TRUE	FALSE	唑啉酮	Vancomycin	Vancomycine	Vancomycine	Vancomycin	Βανκομυκίνη	Vancomicina	アミノグリコシド系抗生物質	Wankomycyna	Vancomycin	Ванкомицин	Vancomicina	Vancomycin	Vankomisin	Ванкоміцин
Voriconazole	FALSE	TRUE	TRUE	FALSE	伏立康唑	Voriconazol	Voriconazol	Voriconazole	Voriconazol	Βορικοναζόλη	Voriconazolo	アンフェニコール	Worikonazol	Voriconazol	Вориконазол	Voriconazol	Vorikonazol	Vorikonazol	Вориконазол
Aminoglycosides	FALSE	TRUE	TRUE	FALSE	氨基糖苷类	Aminoglykosider	Aminoglycosiden	Aminoglycosides	Aminoglykoside	Αμινογλυκοσίδες	Aminoglicosidi	抗真菌剤／抗真菌剤	Aminoglikozydy	Aminoglycosides	Аминогликозиды	Aminoglucósidos	Aminoglykosider	Aminoglikozidler	Аміноглікозиди
Amphenicols	FALSE	TRUE	TRUE	FALSE	安息香醇	Amphenicoler	Amfenicolen	Amphénicols	Amphenicole	Αμφενικόλες	Amphenicols	抗マイコバクテリア薬	Amfenikol	Anfenicóis	Амфениколы	Anfenicoles	Amfenikoler	Amphenicols	Амфеніколи
Antifungals/antimycotics	FALSE	TRUE	TRUE	FALSE	抗真菌药/抗真菌药	Antimykotika/antimykotika	Antifungica/antimycotica	Antifongiques/antimycotiques	Antimykotika/Antimykotika	Αντιμυκητιασικά/αντιμυκητιασικά	Antifungini/antimicotici	β-ラクタム系/ペニシリン系	Środki przeciwgrzybicze/przeciwmikotyczne	Antifúngicos/antimicóticos	Противогрибковые препараты/антимикотики	Antifúngicos/antimicóticos	Antimykotika/antimykotika	Antifungaller/antimikotikler	Протигрибкові засоби/антимікотики
Antimycobacterials	FALSE	TRUE	TRUE	FALSE	抗霉菌素类	Antimycobakterier	Antimycobacteriele middelen	Antimycobactériens	Antimykobakterielle Mittel	Αντιμυκοβακτηριακά	Antimicobatterici	セファロスポリン系（第1世代）	Środki przeciwgrzybicze	Antimycobacterials	Антимикобактериальные препараты	Antimicrobianos	Antimykobakterier	Antimikobakteriyeller	Засоби, що діють на мікобактерії
Beta-lactams/penicillins	FALSE	TRUE	TRUE	FALSE	β-内酰胺类/青霉素类	Beta-lactamer/penicilliner	Beta-lactams/penicillines	Bêta-lactamines/pénicillines	Beta-Lactame/Penicilline	Β-λακτάμες/πενικιλλίνες	Beta-lattami/penicilline	セファロスポリン（第2世代）	Beta-laktamy/penicyliny	Beta-lactâmicas/penicilinas	Бета-лактамы/пенициллины	Beta-lactámicos/penicilinas	Beta-laktamer/penicilliner	Beta-laktamlar/penisilinler	Бета-лактами/пеніциліни
Cephalosporins (1st gen.)	FALSE	TRUE	TRUE	FALSE	头孢菌素类（第一代）	Cefalosporiner (1. gen.)	Cefalosporines (1e gen.)	Céphalosporines (1ère génération)	Cephalosporine (1. Gen.)	Κεφαλοσπορίνες (1ου γένους)	Cefalosporine (1° gen.)	セファロスポリン（第3世代）	Cefalosporyny (1. gen.)	Cefalosporinas (1º género)	Цефалоспорины (1-го пок.)	Cefalosporinas (1er gen.)	Kefalosporiner (första gen.)	Sefalosporinler (1. kuşak)	Цефалоспорини (1 пок.)
Cephalosporins (2nd gen.)	FALSE	TRUE	TRUE	FALSE	头孢菌素类（第二代）	Cefalosporiner (2. gen.)	Cefalosporines (2e gen.)	Céphalosporines (2ème génération)	Cephalosporine (2. Gen.)	Κεφαλοσπορίνες (2ο γένος)	Cefalosporine (2° gen.)	セファロスポリン（第4世代）	Cefalosporyny (2. gen.)	Cefalosporinas (2ª gen.)	Цефалоспорины (2-го пок.)	Cefalosporinas (2do gen.)	Kefalosporiner (andra gen.)	Sefalosporinler (2. kuşak)	Цефалоспорини (2 пок.)
Cephalosporins (3rd gen.)	FALSE	TRUE	TRUE	FALSE	头孢菌素类（第三代）	Cefalosporiner (3. gen.)	Cefalosporines (3e gen.)	Céphalosporines (3ème génération)	Cephalosporine (3. Gen.)	Κεφαλοσπορίνες (3ο γένος)	Cefalosporine (3° gen.)	セファロスポリン（第5世代）	Cefalosporyny (3 gen.)	Cefalosporinas (3ª gen.)	Цефалоспорины (3-го пок.)	Cefalosporinas (3er gen.)	Kefalosporiner (tredje gen.)	Sefalosporinler (3. kuşak)	Цефалоспорини (3 пок.)
Cephalosporins (4th gen.)	FALSE	TRUE	TRUE	FALSE	头孢菌素类（第四代）	Cefalosporiner (4. gen.)	Cefalosporines (4e gen.)	Céphalosporines (4ème génération)	Cephalosporine (4. Gen.)	Κεφαλοσπορίνες (4ο γένος)	Cefalosporine (4° gen.)	セファロスポリン（未分類の世代）	Cefalosporyny (4 gen.)	Cefalosporinas (4.ª gen.)	Цефалоспорины (4-го пок.)	Cefalosporinas (4ª gen.)	Kefalosporiner (4:e gen.)	Sefalosporinler (4. kuşak)	Цефалоспорини (4 пок.)
Cephalosporins (5th gen.)	FALSE	TRUE	TRUE	FALSE	头孢菌素（第五代）	Cefalosporiner (5. gen.)	Cefalosporines (5e gen.)	Céphalosporines (5e gén.)	Cephalosporine (5. Gen.)	Κεφαλοσπορίνες (5ο γένος)	Cefalosporine (5° gen.)	セファロスポリン	Cefalosporyny (5. gen.)	Cefalosporinas (5.ª gen.)	Цефалоспорины (5-го пок.)	Cefalosporinas (5º gen.)	Kefalosporiner (5:e gen.)	Sefalosporinler (5. kuşak)	Цефалоспорини (5 пок.)
Cephalosporins (unclassified gen.)	FALSE	TRUE	TRUE	FALSE	头孢菌素类（未分类的一代）	Cefalosporiner (uklassificeret gen.)	Cefalosporines (ongeclassificeerd)	Céphalosporines (genre non classifié)	Cephalosporine (unklassifiziert)	Κεφαλοσπορίνες (μη ταξινομημένο γένος)	Cefalosporine (gen. non classificato)	糖ペプチド系	Cefalosporyny (niesklasyfikowana gen.)	Cefalosporinas (não classificado gen.)	Цефалоспорины (неклассифицированный род)	Cefalosporinas (gen. no clasificado)	Kefalosporiner (oklassificerad gen.)	Sefalosporinler (sınıflandırılmamış nesil)	Цефалоспорини (некласифікованого пок.)
Cephalosporins	FALSE	TRUE	TRUE	FALSE	头孢菌素类	Cefalosporiner	Cefalosporines	Céphalosporines	Cephalosporine	Κεφαλοσπορίνες	Cefalosporine	マクロライド系／リンコサミド系	Cefalosporyny	Cefalosporinas	Цефалоспорины	Cefalosporinas	Kefalosporiner	Sefalosporinler	Цефалоспорини
Glycopeptides	FALSE	TRUE	TRUE	FALSE	糖肽类药物	Glykopeptider	Glycopeptiden	Glycopeptides	Glykopeptide	Γλυκοπεπτίδια	Glicopeptidi	その他の抗菌薬	Glikopeptydy	Glycopeptides	Гликопептиды	Glicopéptidos	Glykopeptider	Glikopeptitler	Глікопептиди
Macrolides/lincosamides	FALSE	TRUE	TRUE	FALSE	大环内酯类/林可酰胺类	Makrolider/lincosamider	Macroliden/lincosamiden	Macrolides/lincosamides	Makrolide/Linkosamide	Μακρολίδια/λινκοσαμίδια	Macrolidi/lincosamidi	ポリミキシン	Makrolidy/linkozamidy	Macrolides/lincosamidas	Макролиды/линкозамиды	Macrólidos/lincosamidas	Makrolider/linkosamider	Makrolidler/linkozamidler	Макроліди/лінкозаміди
Other antibacterials	FALSE	TRUE	TRUE	FALSE	其他抗菌剂	Andre antibakterielle stoffer	Overige antibiotica	Autres antibactériens	Andere Antibiotika	Άλλα αντιβακτηριακά	Altri antibatterici	キノロン	Inne środki przeciwbakteryjne	Outros antibacterianos	Другие антибактериальные препараты	Otros antibacterianos	Andra antibakteriella medel	Diğer antibakteriyeller	Інші антибактеріальні засоби
Polymyxins	FALSE	TRUE	TRUE	FALSE	多粘菌素类	Polymyxiner	Polymyxines	Polymyxines	Polymyxine	Πολυμυξίνες	Polimixine	ポリミキシン	Polimyksyny	Polimixinas	Полимиксины	Polimixinas	Polymyxiner	Polimiksinler	Поліміксини
Quinolones	FALSE	TRUE	TRUE	FALSE	喹诺酮类	Kinoloner	Quinolonen	Quinolones	Quinolone	Κινολόνες	Chinoloni	キノロン	Quinolony	Quinolones	Хинолоны	Quinolonas	Kinoloner	Kinolonlar	Хінолони
